source,source_short,native_variable,factor,physical_meaning,native_unit,output_name,output_unit,spatial_support,spatial_resolution,spatial_type,temporal_support,temporal_resolution,transformation,within_source_aggregation,harmonisation_rule,source_weight,dispatch_status,provider,dataset,reference,notes
farmwise_api.adapters.API_readers.correctiv.correctiv_read,correctiv.correctiv_read,max_gwl,(unassigned),Maximum groundwater level,m a.s.l.,Maximum groundwater level [m a.s.l.],m a.s.l.,"point observations at roughly 6,700 groundwater monitoring stations in 13 German federal states",not applicable - irregular monitoring-station network,-,monthly statistics 1990-2021; FARMWISE repeats each monthly value on every day of that month,-,monthly value repeated on each day of the month,mean,weighted_mean,,disabled,"CORRECTIV (CORRECTIV.Lokal), compiling observations supplied by the groundwater monitoring authorities of 13 German federal states","monthly minimum, mean and maximum groundwater levels in metres above sea level for roughly 6,700 monitoring stations, 1990-2021, with long-term trend classifications",https://github.com/correctiv/grundwasser-data,"Output: 'Maximum groundwater level [m a.s.l.]'. Earlier labels called this a 'Depth', which described an elevation incorrectly. The vertical datum is not stated in the published data. Source is disabled from dispatch (protected dataset)."
farmwise_api.adapters.API_readers.correctiv.correctiv_read,correctiv.correctiv_read,mean_gwl,(unassigned),Mean groundwater level,m a.s.l.,Mean groundwater level [m a.s.l.],m a.s.l.,"point observations at roughly 6,700 groundwater monitoring stations in 13 German federal states",not applicable - irregular monitoring-station network,-,monthly statistics 1990-2021; FARMWISE repeats each monthly value on every day of that month,-,monthly value repeated on each day of the month,mean,weighted_mean,,disabled,"CORRECTIV (CORRECTIV.Lokal), compiling observations supplied by the groundwater monitoring authorities of 13 German federal states","monthly minimum, mean and maximum groundwater levels in metres above sea level for roughly 6,700 monitoring stations, 1990-2021, with long-term trend classifications",https://github.com/correctiv/grundwasser-data,"Output: 'Mean groundwater level [m a.s.l.]'. Earlier labels called this a 'Depth', which described an elevation incorrectly. The vertical datum is not stated in the published data. Source is disabled from dispatch (protected dataset)."
farmwise_api.adapters.API_readers.correctiv.correctiv_read,correctiv.correctiv_read,min_gwl,(unassigned),Minimum groundwater level,m a.s.l.,Minimum groundwater level [m a.s.l.],m a.s.l.,"point observations at roughly 6,700 groundwater monitoring stations in 13 German federal states",not applicable - irregular monitoring-station network,-,monthly statistics 1990-2021; FARMWISE repeats each monthly value on every day of that month,-,monthly value repeated on each day of the month,mean,weighted_mean,,disabled,"CORRECTIV (CORRECTIV.Lokal), compiling observations supplied by the groundwater monitoring authorities of 13 German federal states","monthly minimum, mean and maximum groundwater levels in metres above sea level for roughly 6,700 monitoring stations, 1990-2021, with long-term trend classifications",https://github.com/correctiv/grundwasser-data,"Output: 'Minimum groundwater level [m a.s.l.]'. Earlier labels called this a 'Depth', which described an elevation incorrectly. The vertical datum is not stated in the published data. Source is disabled from dispatch (protected dataset)."
farmwise_api.adapters.API_readers.IFSGRID.IFSGRID_read,IFSGRID.IFSGRID_read,HOLDING,agricultural structure,Number of farms,,Number of farms,,,,point,,none,,mean,weighted_mean,1.0,disabled,Eurostat and contributing national statistical authorities,,https://doi.org/10.5281/zenodo.14852709,
farmwise_api.adapters.API_readers.IFSGRID.IFSGRID_read,IFSGRID.IFSGRID_read,HldnPK2,agricultural structure,Density of farms,,Density of farms,,,,point,,none,,mean,weighted_mean,1.0,disabled,Eurostat and contributing national statistical authorities,,https://doi.org/10.5281/zenodo.14852709,
farmwise_api.adapters.API_readers.IFSGRID.IFSGRID_read,IFSGRID.IFSGRID_read,SO_EURO,agricultural structure,Standard agricultural output expressed in euros,,Standard agricultural output expressed in euros,,,,point,,none,,mean,weighted_mean,1.0,disabled,Eurostat and contributing national statistical authorities,,https://doi.org/10.5281/zenodo.14852709,
farmwise_api.adapters.API_readers.IFSGRID.IFSGRID_read,IFSGRID.IFSGRID_read,UAA,agricultural structure,Total utilised agricultural area,,Total utilised agricultural area,,,,point,,none,,mean,weighted_mean,1.0,disabled,Eurostat and contributing national statistical authorities,,https://doi.org/10.5281/zenodo.14852709,
farmwise_api.adapters.API_readers.eea.eea_read,eea.eea_read,value,environmental data (EEA),environmental data,none - categorical environmental-zone code,environmental data (EEA),EEA,"categorical raster covering Europe in ETRS89 / LAEA Europe (EPSG:3035); FARMWISE clips the raster to the requested bounding box, reprojects it to WGS84 and aggregates raster values to S2 cells
","100 m raster pixel size; derived from the Environmental Stratification of Europe with an original spatial resolution of 1 km
",point,"static Environmental Zones 2018 classification; not a time series. FARMWISE currently repeats the 2018 classification for each requested day
",none,"no unit conversion; raster is reprojected using nearest-neighbour resampling and categorical values are aggregated to S2 cells
",mean,weighted_mean,1.0,public,European Environment Agency (EEA),Environmental Zones 2018 - version 1.0,https://data.europa.eu/data/datasets/6ef007ab-1fcd-4c4f-bc96-14e8afbcb688,"categorical environmental stratification derived from the Environmental Stratification of Europe; values must not be interpreted as continuous measurements
"
farmwise_api.adapters.API_readers.gios_gw.gios_gw,gios_gw.gios_gw,Arsenic [mgAs/l],groundwater quality,Arsenic,,Arsenic [mgAs/l],mgAs/l,,,point,,daily,,mean,weighted_mean,1.0,public,Główny Inspektorat Ochrony Środowiska (GIOŚ),,,
farmwise_api.adapters.API_readers.gios_gw.gios_gw,gios_gw.gios_gw,Cadmium [mgCd/l],groundwater quality,Cadmium,,Cadmium [mgCd/l],mgCd/l,,,point,,daily,,mean,weighted_mean,1.0,public,Główny Inspektorat Ochrony Środowiska (GIOŚ),,,
farmwise_api.adapters.API_readers.gios_gw.gios_gw,gios_gw.gios_gw,Calcium [mgCa/l],groundwater quality,Calcium,,Calcium [mgCa/l],mgCa/l,,,point,,daily,,mean,weighted_mean,1.0,public,Główny Inspektorat Ochrony Środowiska (GIOŚ),,,
farmwise_api.adapters.API_readers.gios_gw.gios_gw,gios_gw.gios_gw,Chlorides [mgCl/l],groundwater quality,Chlorides,,Chlorides [mgCl/l],mgCl/l,,,point,,daily,,mean,weighted_mean,1.0,public,Główny Inspektorat Ochrony Środowiska (GIOŚ),,,
farmwise_api.adapters.API_readers.gios_gw.gios_gw,gios_gw.gios_gw,EC [µS/cm],groundwater quality,EC,,EC [µS/cm],µS/cm,,,point,,daily,,mean,weighted_mean,1.0,public,Główny Inspektorat Ochrony Środowiska (GIOŚ),,,
farmwise_api.adapters.API_readers.gios_gw.gios_gw,gios_gw.gios_gw,Flonicamid (IKI-220) [mg/l],groundwater quality,Flonicamid (IKI-220),,Flonicamid (IKI-220) [mg/l],mg/l,,,point,,daily,,mean,weighted_mean,1.0,public,Główny Inspektorat Ochrony Środowiska (GIOŚ),,,
farmwise_api.adapters.API_readers.gios_gw.gios_gw,gios_gw.gios_gw,Flufenacet [mg/l],groundwater quality,Flufenacet,,Flufenacet [mg/l],mg/l,,,point,,daily,,mean,weighted_mean,1.0,public,Główny Inspektorat Ochrony Środowiska (GIOŚ),,,
farmwise_api.adapters.API_readers.gios_gw.gios_gw,gios_gw.gios_gw,Fluopyram [mg/l],groundwater quality,Fluopyram,,Fluopyram [mg/l],mg/l,,,point,,daily,,mean,weighted_mean,1.0,public,Główny Inspektorat Ochrony Środowiska (GIOŚ),,,
farmwise_api.adapters.API_readers.gios_gw.gios_gw,gios_gw.gios_gw,Lead [mgPb/l],groundwater quality,Lead,,Lead [mgPb/l],mgPb/l,,,point,,daily,,mean,weighted_mean,1.0,public,Główny Inspektorat Ochrony Środowiska (GIOŚ),,,
farmwise_api.adapters.API_readers.gios_gw.gios_gw,gios_gw.gios_gw,Magnesium [mgMg/l],groundwater quality,Magnesium,,Magnesium [mgMg/l],mgMg/l,,,point,,daily,,mean,weighted_mean,1.0,public,Główny Inspektorat Ochrony Środowiska (GIOŚ),,,
farmwise_api.adapters.API_readers.gios_gw.gios_gw,gios_gw.gios_gw,Novaluron [mg/l],groundwater quality,Novaluron,,Novaluron [mg/l],mg/l,,,point,,daily,,mean,weighted_mean,1.0,public,Główny Inspektorat Ochrony Środowiska (GIOŚ),,,
farmwise_api.adapters.API_readers.gios_gw.gios_gw,gios_gw.gios_gw,PFOS [mg/l],groundwater quality,PFOS,,PFOS [mg/l],mg/l,,,point,,daily,,mean,weighted_mean,1.0,public,Główny Inspektorat Ochrony Środowiska (GIOŚ),,,
farmwise_api.adapters.API_readers.gios_gw.gios_gw,gios_gw.gios_gw,Phosphates [mgPO4/l],groundwater quality,Phosphates,,Phosphates [mgPO4/l],mgPO4/l,,,point,,daily,,mean,weighted_mean,1.0,public,Główny Inspektorat Ochrony Środowiska (GIOŚ),,,
farmwise_api.adapters.API_readers.gios_gw.gios_gw,gios_gw.gios_gw,Potassium [mgK/l],groundwater quality,Potassium,,Potassium [mgK/l],mgK/l,,,point,,daily,,mean,weighted_mean,1.0,public,Główny Inspektorat Ochrony Środowiska (GIOŚ),,,
farmwise_api.adapters.API_readers.gios_gw.gios_gw,gios_gw.gios_gw,Sodium [mgNa/l],groundwater quality,Sodium,,Sodium [mgNa/l],mgNa/l,,,point,,daily,,mean,weighted_mean,1.0,public,Główny Inspektorat Ochrony Środowiska (GIOŚ),,,
farmwise_api.adapters.API_readers.gios_gw.gios_gw,gios_gw.gios_gw,Trifloxystrobin [mg/l],groundwater quality,Trifloxystrobin,,Trifloxystrobin [mg/l],mg/l,,,point,,daily,,mean,weighted_mean,1.0,public,Główny Inspektorat Ochrony Środowiska (GIOŚ),,,
farmwise_api.adapters.API_readers.gios_gw.gios_gw,gios_gw.gios_gw,Zinc [mgZn/l],groundwater quality,Zinc,,Zinc [mgZn/l],mgZn/l,,,point,,daily,,mean,weighted_mean,1.0,public,Główny Inspektorat Ochrony Środowiska (GIOŚ),,,
farmwise_api.adapters.API_readers.gios_gw.gios_gw,gios_gw.gios_gw,pH,groundwater quality,pH,,pH,,,,point,,daily,,mean,weighted_mean,1.0,public,Główny Inspektorat Ochrony Środowiska (GIOŚ),,,
farmwise_api.adapters.API_readers.hubeau.hubeau_wq_read,hubeau.hubeau_wq_read,Acide pentacosafluorotridecanoique,groundwater quality,GW Pentacosafluorotridecanoic acid,,GW Pentacosafluorotridecanoic acid (µg/L),µg/L,,,point,,none,,mean,weighted_mean,1.0,public,"Office français de la biodiversité (OFB), BRGM, Service Central Vigicrues, and the producers identified by individual records",,https://hubeau.eaufrance.fr/,
farmwise_api.adapters.API_readers.hubeau.hubeau_wq_read,hubeau.hubeau_wq_read,Acide perfluoro-dodecanoïque,groundwater quality,GW Perfluorododecanoic acid,,GW Perfluorododecanoic acid (µg/L),µg/L,,,point,,none,,mean,weighted_mean,1.0,public,"Office français de la biodiversité (OFB), BRGM, Service Central Vigicrues, and the producers identified by individual records",,https://hubeau.eaufrance.fr/,
farmwise_api.adapters.API_readers.hubeau.hubeau_wq_read,hubeau.hubeau_wq_read,Acide perfluoro-n-butanoïque,groundwater quality,GW Perfluorobutanoic acid,,GW Perfluorobutanoic acid (µg/L),µg/L,,,point,,none,,mean,weighted_mean,1.0,public,"Office français de la biodiversité (OFB), BRGM, Service Central Vigicrues, and the producers identified by individual records",,https://hubeau.eaufrance.fr/,
farmwise_api.adapters.API_readers.hubeau.hubeau_wq_read,hubeau.hubeau_wq_read,Acide perfluoro-n-heptanoïque,groundwater quality,GW Perfluoroheptanoic acid,,GW Perfluoroheptanoic acid (µg/L),µg/L,,,point,,none,,mean,weighted_mean,1.0,public,"Office français de la biodiversité (OFB), BRGM, Service Central Vigicrues, and the producers identified by individual records",,https://hubeau.eaufrance.fr/,
farmwise_api.adapters.API_readers.hubeau.hubeau_wq_read,hubeau.hubeau_wq_read,Acide perfluoro-n-nonanoïque,groundwater quality,GW Perfluorononanoic acid,,GW Perfluorononanoic acid (µg/L),µg/L,,,point,,none,,mean,weighted_mean,1.0,public,"Office français de la biodiversité (OFB), BRGM, Service Central Vigicrues, and the producers identified by individual records",,https://hubeau.eaufrance.fr/,
farmwise_api.adapters.API_readers.hubeau.hubeau_wq_read,hubeau.hubeau_wq_read,Acide perfluoro-n-pentanoïque,groundwater quality,GW Perfluoropentanoic acid,,GW Perfluoropentanoic acid (µg/L),µg/L,,,point,,none,,mean,weighted_mean,1.0,public,"Office français de la biodiversité (OFB), BRGM, Service Central Vigicrues, and the producers identified by individual records",,https://hubeau.eaufrance.fr/,
farmwise_api.adapters.API_readers.hubeau.hubeau_wq_read,hubeau.hubeau_wq_read,Acide perfluoro-n-undecanoïque,groundwater quality,GW Perfluoroundecanoic acid,,GW Perfluoroundecanoic acid (µg/L),µg/L,,,point,,none,,mean,weighted_mean,1.0,public,"Office français de la biodiversité (OFB), BRGM, Service Central Vigicrues, and the producers identified by individual records",,https://hubeau.eaufrance.fr/,
farmwise_api.adapters.API_readers.hubeau.hubeau_wq_read,hubeau.hubeau_wq_read,Acide perfluoro-octanoïque,groundwater quality,GW Perfluorooctanoic acid,,GW Perfluorooctanoic acid (µg/L),µg/L,,,point,,none,,mean,weighted_mean,1.0,public,"Office français de la biodiversité (OFB), BRGM, Service Central Vigicrues, and the producers identified by individual records",,https://hubeau.eaufrance.fr/,
farmwise_api.adapters.API_readers.hubeau.hubeau_wq_read,hubeau.hubeau_wq_read,Acide perfluorodecane sulfonique,groundwater quality,GW Perfluorodecane sulfonic acid,,GW Perfluorodecane sulfonic acid (µg/L),µg/L,,,point,,none,,mean,weighted_mean,1.0,public,"Office français de la biodiversité (OFB), BRGM, Service Central Vigicrues, and the producers identified by individual records",,https://hubeau.eaufrance.fr/,
farmwise_api.adapters.API_readers.hubeau.hubeau_wq_read,hubeau.hubeau_wq_read,Acide perfluorododecane sulfonique,groundwater quality,GW Perfluorododecane sulfonic acid,,GW Perfluorododecane sulfonic acid (µg/L),µg/L,,,point,,none,,mean,weighted_mean,1.0,public,"Office français de la biodiversité (OFB), BRGM, Service Central Vigicrues, and the producers identified by individual records",,https://hubeau.eaufrance.fr/,
farmwise_api.adapters.API_readers.hubeau.hubeau_wq_read,hubeau.hubeau_wq_read,Acide perfluoroheptane sulfonique,groundwater quality,GW Perfluoroheptane sulfonic acid,,GW Perfluoroheptane sulfonic acid (µg/L),µg/L,,,point,,none,,mean,weighted_mean,1.0,public,"Office français de la biodiversité (OFB), BRGM, Service Central Vigicrues, and the producers identified by individual records",,https://hubeau.eaufrance.fr/,
farmwise_api.adapters.API_readers.hubeau.hubeau_wq_read,hubeau.hubeau_wq_read,Acide perfluorononane sulfonique,groundwater quality,GW Perfluorononane sulfonic acid,,GW Perfluorononane sulfonic acid (µg/L),µg/L,,,point,,none,,mean,weighted_mean,1.0,public,"Office français de la biodiversité (OFB), BRGM, Service Central Vigicrues, and the producers identified by individual records",,https://hubeau.eaufrance.fr/,
farmwise_api.adapters.API_readers.hubeau.hubeau_wq_read,hubeau.hubeau_wq_read,Acide perfluoropentane sulfonique,groundwater quality,GW Perfluoropentane sulfonic acid,,GW Perfluoropentane sulfonic acid (µg/L),µg/L,,,point,,none,,mean,weighted_mean,1.0,public,"Office français de la biodiversité (OFB), BRGM, Service Central Vigicrues, and the producers identified by individual records",,https://hubeau.eaufrance.fr/,
farmwise_api.adapters.API_readers.hubeau.hubeau_wq_read,hubeau.hubeau_wq_read,Acide perfluorotridecane sulfonique,groundwater quality,GW Perfluorotridecane sulfonic acid,,GW Perfluorotridecane sulfonic acid (µg/L),µg/L,,,point,,none,,mean,weighted_mean,1.0,public,"Office français de la biodiversité (OFB), BRGM, Service Central Vigicrues, and the producers identified by individual records",,https://hubeau.eaufrance.fr/,
farmwise_api.adapters.API_readers.hubeau.hubeau_wq_read,hubeau.hubeau_wq_read,Acide perfluoroundecane sulfonique,groundwater quality,GW Perfluoroundecane sulfonic acid,,GW Perfluoroundecane sulfonic acid (µg/L),µg/L,,,point,,none,,mean,weighted_mean,1.0,public,"Office français de la biodiversité (OFB), BRGM, Service Central Vigicrues, and the producers identified by individual records",,https://hubeau.eaufrance.fr/,
farmwise_api.adapters.API_readers.hubeau.hubeau_wq_read,hubeau.hubeau_wq_read,Acide sulfonique de perfluorobutane,groundwater quality,GW Perfluorobutane sulfonic acid,,GW Perfluorobutane sulfonic acid (µg/L),µg/L,,,point,,none,,mean,weighted_mean,1.0,public,"Office français de la biodiversité (OFB), BRGM, Service Central Vigicrues, and the producers identified by individual records",,https://hubeau.eaufrance.fr/,
farmwise_api.adapters.API_readers.hubeau.hubeau_wq_read,hubeau.hubeau_wq_read,Acide sulfonique de perfluorooctane,groundwater quality,GW Perfluorooctane sulfonic acid,,GW Perfluorooctane sulfonic acid (mµg/L),mµg/L,,,point,,none,,mean,weighted_mean,1.0,public,"Office français de la biodiversité (OFB), BRGM, Service Central Vigicrues, and the producers identified by individual records",,https://hubeau.eaufrance.fr/,
farmwise_api.adapters.API_readers.hubeau.hubeau_wq_read,hubeau.hubeau_wq_read,Arsenic,groundwater quality,GW Arsenic,,GW Arsenic (µg/L),µg/L,,,point,,none,,mean,weighted_mean,1.0,public,"Office français de la biodiversité (OFB), BRGM, Service Central Vigicrues, and the producers identified by individual records",,https://hubeau.eaufrance.fr/,
farmwise_api.adapters.API_readers.hubeau.hubeau_wq_read,hubeau.hubeau_wq_read,Cadmium,groundwater quality,GW Cadmium,,GW Cadmium (µg/L),µg/L,,,point,,none,,mean,weighted_mean,1.0,public,"Office français de la biodiversité (OFB), BRGM, Service Central Vigicrues, and the producers identified by individual records",,https://hubeau.eaufrance.fr/,
farmwise_api.adapters.API_readers.hubeau.hubeau_wq_read,hubeau.hubeau_wq_read,Calcium,groundwater quality,GW Calcium,,GW Calcium (mg/L),mg/L,,,point,,none,,mean,weighted_mean,1.0,public,"Office français de la biodiversité (OFB), BRGM, Service Central Vigicrues, and the producers identified by individual records",,https://hubeau.eaufrance.fr/,
farmwise_api.adapters.API_readers.hubeau.hubeau_wq_read,hubeau.hubeau_wq_read,Chlorures,groundwater quality,GW Chlorides,,GW Chlorides (mg/L),mg/L,,,point,,none,,mean,weighted_mean,1.0,public,"Office français de la biodiversité (OFB), BRGM, Service Central Vigicrues, and the producers identified by individual records",,https://hubeau.eaufrance.fr/,
farmwise_api.adapters.API_readers.hubeau.hubeau_wq_read,hubeau.hubeau_wq_read,Conductivité à 25°C,groundwater quality,GW Conductivity at 25°C,,GW Conductivity at 25°C (µS/cm),µS/cm,,,point,,none,,mean,weighted_mean,1.0,public,"Office français de la biodiversité (OFB), BRGM, Service Central Vigicrues, and the producers identified by individual records",,https://hubeau.eaufrance.fr/,
farmwise_api.adapters.API_readers.hubeau.hubeau_wq_read,hubeau.hubeau_wq_read,Magnésium,groundwater quality,GW Magnesium,,GW Magnesium (mg/L),mg/L,,,point,,none,,mean,weighted_mean,1.0,public,"Office français de la biodiversité (OFB), BRGM, Service Central Vigicrues, and the producers identified by individual records",,https://hubeau.eaufrance.fr/,
farmwise_api.adapters.API_readers.hubeau.hubeau_wq_read,hubeau.hubeau_wq_read,Nitrates,groundwater quality,GW Nitrates,,GW Nitrates (mg/L),mg/L,,,point,,none,,mean,weighted_mean,1.0,public,"Office français de la biodiversité (OFB), BRGM, Service Central Vigicrues, and the producers identified by individual records",,https://hubeau.eaufrance.fr/,
farmwise_api.adapters.API_readers.hubeau.hubeau_wq_read,hubeau.hubeau_wq_read,Perfluorohexanesulfonic acid,groundwater quality,GW Perfluorohexanesulfonic acid,,GW Perfluorohexanesulfonic acid (µg/L),µg/L,,,point,,none,,mean,weighted_mean,1.0,public,"Office français de la biodiversité (OFB), BRGM, Service Central Vigicrues, and the producers identified by individual records",,https://hubeau.eaufrance.fr/,
farmwise_api.adapters.API_readers.hubeau.hubeau_wq_read,hubeau.hubeau_wq_read,Phosphore total,groundwater quality,GW Total Phosphorus,,GW Total Phosphorus (mg/L),mg/L,,,point,,none,,mean,weighted_mean,1.0,public,"Office français de la biodiversité (OFB), BRGM, Service Central Vigicrues, and the producers identified by individual records",,https://hubeau.eaufrance.fr/,
farmwise_api.adapters.API_readers.hubeau.hubeau_wq_read,hubeau.hubeau_wq_read,Plomb,groundwater quality,GW Lead,,GW Lead (µg/L),µg/L,,,point,,none,,mean,weighted_mean,1.0,public,"Office français de la biodiversité (OFB), BRGM, Service Central Vigicrues, and the producers identified by individual records",,https://hubeau.eaufrance.fr/,
farmwise_api.adapters.API_readers.hubeau.hubeau_wq_read,hubeau.hubeau_wq_read,Potassium,groundwater quality,GW Potassium,,GW Potassium (mg/L),mg/L,,,point,,none,,mean,weighted_mean,1.0,public,"Office français de la biodiversité (OFB), BRGM, Service Central Vigicrues, and the producers identified by individual records",,https://hubeau.eaufrance.fr/,
farmwise_api.adapters.API_readers.hubeau.hubeau_wq_read,hubeau.hubeau_wq_read,Potentiel en Hydrogène (pH),groundwater quality,GW Hydrogen Potential,,GW Hydrogen Potential (pH),pH,,,point,,none,,mean,weighted_mean,1.0,public,"Office français de la biodiversité (OFB), BRGM, Service Central Vigicrues, and the producers identified by individual records",,https://hubeau.eaufrance.fr/,
farmwise_api.adapters.API_readers.hubeau.hubeau_wq_read,hubeau.hubeau_wq_read,Sodium,groundwater quality,GW Sodium,,GW Sodium (mg/L),mg/L,,,point,,none,,mean,weighted_mean,1.0,public,"Office français de la biodiversité (OFB), BRGM, Service Central Vigicrues, and the producers identified by individual records",,https://hubeau.eaufrance.fr/,
farmwise_api.adapters.API_readers.hubeau.hubeau_wq_read,hubeau.hubeau_wq_read,Somme des pesticides totaux,groundwater quality,GW Total Pesticides,,GW Total Pesticides (µg/L),µg/L,,,point,,none,,mean,weighted_mean,1.0,public,"Office français de la biodiversité (OFB), BRGM, Service Central Vigicrues, and the producers identified by individual records",,https://hubeau.eaufrance.fr/,
farmwise_api.adapters.API_readers.hubeau.hubeau_wq_read,hubeau.hubeau_wq_read,Sulfonate de perfluorooctane,groundwater quality,GW Perfluorooctane sulfonate,,GW Perfluorooctane sulfonate (µg/L),µg/L,,,point,,none,,mean,weighted_mean,1.0,public,"Office français de la biodiversité (OFB), BRGM, Service Central Vigicrues, and the producers identified by individual records",,https://hubeau.eaufrance.fr/,
farmwise_api.adapters.API_readers.hubeau.hubeau_wq_read,hubeau.hubeau_wq_read,Zinc,groundwater quality,GW Zinc,,GW Zinc (µg/L),µg/L,,,point,,none,,mean,weighted_mean,1.0,public,"Office français de la biodiversité (OFB), BRGM, Service Central Vigicrues, and the producers identified by individual records",,https://hubeau.eaufrance.fr/,
farmwise_api.adapters.API_readers.epa_ireland.epa_gw,epa_ireland.epa_gw,groundwater level [m OD Malin],groundwater quantity,Groundwater level,m above Ordnance Datum Malin (OSGM02),Groundwater level [m a.s.l.],m a.s.l.,"point observations at groundwater monitoring stations from the EPA HydroNet network; FARMWISE currently uses a curated local station catalogue and aggregates stations falling within the same S2 cell
",not applicable - irregular groundwater monitoring network,point,"station-dependent groundwater-level records, with some records extending back to the 1970s; groundwater levels are generally monitored at sub-daily frequency, while FARMWISE consumes HydroNet daily-mean time series
",daily,none - the published daily mean is returned unchanged,mean,weighted_mean,1.0,public,Environmental Protection Agency Ireland,EPA HydroNet groundwater-level daily mean time series,https://www.epa.ie/our-services/monitoring--assessment/freshwater--marine/groundwater/,"Output: Groundwater level [m a.s.l.] - shared FARMWISE groundwater-level column. EPA HydroNet series 'Groundwater Level' / 'Day.Mean.Abs', as stated in each station export header. The export also carries a 'Quality Code Name' column, which FARMWISE does not currently read. Datum is not converted to a European reference."
farmwise_api.adapters.API_readers.gios_gw.gios_gw,gios_gw.gios_gw,Depth to Top of Aquifer Layer [m b.g.l.],groundwater quantity,Depth to Top of Aquifer Layer,m below ground level (m p.p.t.),Depth to Top of Aquifer Layer [m b.g.l.],m b.g.l.,,,point,,daily,none,mean,weighted_mean,1.0,public,Główny Inspektorat Ochrony Środowiska (GIOŚ),,,"Source column 'Głębokość do stropu warstwy wodonośnej [m p.p.t.]'. This describes the monitoring point's aquifer, not the water table: it is not a groundwater level and is not part of the shared groundwater-level column. It cannot be turned into an elevation without the ground elevation at the point."
farmwise_api.adapters.API_readers.hubeau.hubeau_piezo_read_vbrgm,hubeau.hubeau_piezo_read_vbrgm,niveau_nappe_eau,groundwater quantity,Groundwater level,m NGF (cote NGF),Groundwater level [m a.s.l.],m a.s.l.,point observations at ADES piezometers (BSS codes) selected from a local station catalogue; stations falling in the same S2 cell are aggregated,not applicable - irregular piezometer network,point,"one value per measurement date; frequency varies by piezometer, from irregular manual readings to daily automatic records; only validated data are requested",none,"none - returned in metres; earlier versions multiplied by 100 to centimetres, which has been removed",mean,weighted_mean,1.0,public,"Office français de la biodiversité (OFB), BRGM, Service Central Vigicrues, and the producers identified by individual records",Hub'Eau niveaux_nappes API - groundwater level time series (ADES),https://hubeau.eaufrance.fr/api/v1/niveaux_nappes/api-docs,"Output: Groundwater level [m a.s.l.] - shared FARMWISE groundwater-level column. Hub'Eau field description: ""Niveau de la nappe d'eau (cote NGF) (mètre)"". Datum is not converted to a European reference."
farmwise_api.adapters.API_readers.hubeau.hubeau_piezo_read_vbrgm,hubeau.hubeau_piezo_read_vbrgm,profondeur_nappe,groundwater quantity,Groundwater depth below measuring reference,m below the local measuring reference,Groundwater depth below measuring reference [m],m,point observations at ADES piezometers (BSS codes) selected from a local station catalogue; stations falling in the same S2 cell are aggregated,not applicable - irregular piezometer network,point,"one value per measurement date; frequency varies by piezometer, from irregular manual readings to daily automatic records; only validated data are requested",none,none - not requested by the adapter,mean,weighted_mean,1.0,public,"Office français de la biodiversité (OFB), BRGM, Service Central Vigicrues, and the producers identified by individual records",Hub'Eau niveaux_nappes API - groundwater level time series (ADES),https://hubeau.eaufrance.fr/api/v1/niveaux_nappes/api-docs,"Not a depth below ground: Hub'Eau defines it relative to the measuring reference, which is often not the ground surface (negative values occur when water stands above it). It is therefore neither comparable with depth-below-ground series nor convertible to an elevation without the reference height, and is kept out of the shared level column."
farmwise_api.adapters.API_readers.EuroCropV2.EuroCropV2_read,EuroCropV2.EuroCropV2_read,c,land cover,Original cultivation code in the annual GSA layer,none - categorical cultivation code,Original cultivation code in the annual GSA layer,,"agricultural parcels from national Geo-Spatial Application (GSA) datasets; FARMWISE uses a preprocessed point representation of parcel records for assignment to S2 cells and selects the modal cultivation code within each S2 cell
",parcel-level agricultural field declarations; irregular parcel geometries,point,"annual crop declarations with dataset-wide coverage from 2008 through 2023; availability varies by country and year
",none,"no numerical unit conversion; annual categorical cultivation codes are aggregated within S2 cells using mode and the annual value is repeated for requested days within that year
",mode,weighted_mode,1.0,public,"European Commission, Joint Research Centre (JRC), with contributing national paying agencies",EuroCropsV2,https://doi.org/10.2905/b9fb9e67-78a9-4327-9d59-39a928d812d3,"original annual cultivation code from the corresponding GSA layer. Codes are categorical and must not be interpreted as continuous numerical values. FARMWISE uses the modal code when multiple records fall within the same S2 cell.
"
farmwise_api.adapters.API_readers.IFSGRID.IFSGRID_read,IFSGRID.IFSGRID_read,ARA,land cover,Area of arable land,,Area of arable land,,,,point,,none,,mode,weighted_mode,1.0,disabled,Eurostat and contributing national statistical authorities,,https://doi.org/10.5281/zenodo.14852709,
farmwise_api.adapters.API_readers.IFSGRID.IFSGRID_read,IFSGRID.IFSGRID_read,AraShare,land cover,Share of arable land in the total agricultural area,,Share of arable land in the total agricultural area,,,,point,,none,,mode,weighted_mode,1.0,disabled,Eurostat and contributing national statistical authorities,,https://doi.org/10.5281/zenodo.14852709,
farmwise_api.adapters.API_readers.IFSGRID.IFSGRID_read,IFSGRID.IFSGRID_read,FllwShr,land cover,Share of fallow land in the UAA,,Share of fallow land in the UAA,,,,point,,none,,mode,weighted_mode,1.0,disabled,Eurostat and contributing national statistical authorities,,https://doi.org/10.5281/zenodo.14852709,
farmwise_api.adapters.API_readers.IFSGRID.IFSGRID_read,IFSGRID.IFSGRID_read,GrassShare,land cover,Share of meadows and pastures in UAA,,Share of meadows and pastures in UAA,,,,point,,none,,mode,weighted_mode,1.0,disabled,Eurostat and contributing national statistical authorities,,https://doi.org/10.5281/zenodo.14852709,
farmwise_api.adapters.API_readers.IFSGRID.IFSGRID_read,IFSGRID.IFSGRID_read,J0000T,land cover,Area of permanent grassland,,Area of permanent grassland (meadows and pastures),meadows and pastures,,,point,,none,,mode,weighted_mode,1.0,disabled,Eurostat and contributing national statistical authorities,,https://doi.org/10.5281/zenodo.14852709,
farmwise_api.adapters.API_readers.IFSGRID.IFSGRID_read,IFSGRID.IFSGRID_read,OrgShar,land cover,Percentage share of organic farming in total UAA,,Percentage share of organic farming in total UAA,,,,point,,none,,mode,weighted_mode,1.0,disabled,Eurostat and contributing national statistical authorities,,https://doi.org/10.5281/zenodo.14852709,
farmwise_api.adapters.API_readers.IFSGRID.IFSGRID_read,IFSGRID.IFSGRID_read,PECR,land cover,Area of permanent crops,,"Area of permanent crops (e.g., orchards, plantations)","e.g., orchards, plantations",,,point,,none,,mode,weighted_mode,1.0,disabled,Eurostat and contributing national statistical authorities,,https://doi.org/10.5281/zenodo.14852709,
farmwise_api.adapters.API_readers.IFSGRID.IFSGRID_read,IFSGRID.IFSGRID_read,PecrShare,land cover,Percentage of permanent crops in the UAA,,Percentage of permanent crops in the UAA,,,,point,,none,,mode,weighted_mode,1.0,disabled,Eurostat and contributing national statistical authorities,,https://doi.org/10.5281/zenodo.14852709,
farmwise_api.adapters.API_readers.IFSGRID.IFSGRID_read,IFSGRID.IFSGRID_read,Q0000T,land cover,Area of fallow land,,Area of fallow land,,,,point,,none,,mode,weighted_mode,1.0,disabled,Eurostat and contributing national statistical authorities,,https://doi.org/10.5281/zenodo.14852709,
farmwise_api.adapters.API_readers.IFSGRID.IFSGRID_read,IFSGRID.IFSGRID_read,UAAXK00,land cover,Area of farmland managed using organic methods,,Area of farmland managed using organic methods,,,,point,,none,,mode,weighted_mode,1.0,disabled,Eurostat and contributing national statistical authorities,,https://doi.org/10.5281/zenodo.14852709,
farmwise_api.adapters.API_readers.corine.corine_read,corine.corine_read,(land cover),land cover,CORINE Land Cover level-3 class occupying the largest area of the S2 cell,none - categorical level-3 class code,,,polygon; reduced to the class covering the largest share of each S2 cell,"vector polygons, 25 ha minimum mapping unit, 100 m minimum mapping width",grid,"survey snapshots for 1990, 2000, 2006, 2012 and 2018; each snapshot is carried forward until the next one begins",none,none - the Code_YY field is passed through unchanged; selection is by largest intersected area within each S2 cell,mode,weighted_mode,1.0,public,European Union's Copernicus Land Monitoring Service (CLMS),"CORINE Land Cover status layers 1990, 2000, 2006, 2012 and 2018, accessed through EEA ArcGIS feature services",https://image.discomap.eea.europa.eu/arcgis/rest/services/Corine/CLC2018_WM/MapServer/legend,"Values are the provider's own CLC level-3 codes (44 classes); labels are in farmwise_api.adapters.API_readers.corine.corine_mappings.corine_mapping.CLC_CLASSES, transcribed from the service legend. The returned row does not record which survey it came from: a request after 2018 is served the 2018 classification stamped with the requested date."
farmwise_api.adapters.API_readers.IFSGRID.IFSGRID_read,IFSGRID.IFSGRID_read,BOVINE,livestock pressure,Number of head of stock,,Number of head of stock,,,,point,,none,,mean,weighted_mean,1.0,disabled,Eurostat and contributing national statistical authorities,,https://doi.org/10.5281/zenodo.14852709,
farmwise_api.adapters.API_readers.IFSGRID.IFSGRID_read,IFSGRID.IFSGRID_read,GOATS,livestock pressure,Number of goats,,Number of goats,,,,point,,none,,mean,weighted_mean,1.0,disabled,Eurostat and contributing national statistical authorities,,https://doi.org/10.5281/zenodo.14852709,
farmwise_api.adapters.API_readers.IFSGRID.IFSGRID_read,IFSGRID.IFSGRID_read,LSU,livestock pressure,Number of livestock units,,Number of livestock units,,,,point,,none,,mean,weighted_mean,1.0,disabled,Eurostat and contributing national statistical authorities,,https://doi.org/10.5281/zenodo.14852709,
farmwise_api.adapters.API_readers.IFSGRID.IFSGRID_read,IFSGRID.IFSGRID_read,LSUdensity,livestock pressure,Livestock density per hectare of agricultural land,,Livestock density per hectare of agricultural land,,,,point,,none,,mean,weighted_mean,1.0,disabled,Eurostat and contributing national statistical authorities,,https://doi.org/10.5281/zenodo.14852709,
farmwise_api.adapters.API_readers.IFSGRID.IFSGRID_read,IFSGRID.IFSGRID_read,PIGS,livestock pressure,Number of pigs,,Number of pigs,,,,point,,none,,mean,weighted_mean,1.0,disabled,Eurostat and contributing national statistical authorities,,https://doi.org/10.5281/zenodo.14852709,
farmwise_api.adapters.API_readers.IFSGRID.IFSGRID_read,IFSGRID.IFSGRID_read,POULTRY,livestock pressure,Number of poultry,,Number of poultry,,,,point,,none,,mean,weighted_mean,1.0,disabled,Eurostat and contributing national statistical authorities,,https://doi.org/10.5281/zenodo.14852709,
farmwise_api.adapters.API_readers.IFSGRID.IFSGRID_read,IFSGRID.IFSGRID_read,SHEEP,livestock pressure,Number of sheep,,Number of sheep,,,,point,,none,,mean,weighted_mean,1.0,disabled,Eurostat and contributing national statistical authorities,,https://doi.org/10.5281/zenodo.14852709,
farmwise_api.adapters.API_readers.cds.cds_single_levels,cds.cds_single_levels,total_precipitation,precipitation,total precipitation accumulated over the corresponding ERA5 accumulation interval,m,,,global regular latitude-longitude grid; FARMWISE adapter requests a bounding-box subset and aggregates grid cells to requested S2 cells,0.25° x 0.25°,grid,hourly ERA5 data available from 1940 to present; FARMWISE dispatch currently uses data from 1950-01-01 to approximately 5 days before the current date and aggregates hourly observations to daily values,daily,m to mm by multiplying by 1000; hourly accumulations are assigned to the preceding hour and summed to daily precipitation,mean,weighted_mean,1.0,public,"Copernicus Climate Change Service (C3S), implemented by ECMWF",reanalysis-era5-single-levels,https://cds.climate.copernicus.eu/datasets/reanalysis-era5-single-levels,FARMWISE retrieves the following midnight when necessary so that the final requested day contains all 24 hourly accumulation intervals
farmwise_api.adapters.API_readers.geosphere.geosphere,geosphere.geosphere,rr,precipitation,Precipitation total,mm,Precipitation total [mm],mm,point observations at GeoSphere Austria weather-station locations,not applicable - irregular weather-station network,point,"daily observations; dataset contains station-dependent historical records from 1775 onward, while FARMWISE dispatch is restricted to 1950-01-01 through the current day",daily,negative precipitation values are set to 0 mm; otherwise values are passed through without unit conversion,mean,weighted_mean,1.0,public,GeoSphere Austria,"Station Data-v2 (1 d), resource klima-v2-1d",https://doi.org/10.60669/gs6w-jd70,24-hour precipitation sum
farmwise_api.adapters.API_readers.imgw.imgw_api_synop_daily,imgw.imgw_api_synop_daily,Daily precipitation total [mm],precipitation,Precipitation total,mm,Precipitation total [mm],mm,point observations at IMGW-PIB synoptic meteorological stations in Poland,not applicable - irregular meteorological station network,point,daily observations available in the current IMGW daily synoptic archive from 1966 onward; availability of recent observations depends on the publication schedule and station,daily,none - values are passed through without unit conversion,mean,weighted_mean,1.0,local-only,Instytut Meteorologii i Gospodarki Wodnej — Państwowy Instytut Badawczy (IMGW-PIB),IMGW-PIB daily synoptic meteorological observations (dane meteorologiczne dobowe - synop),https://danepubliczne.imgw.pl/data/dane_pomiarowo_obserwacyjne/dane_meteorologiczne/dobowe/synop/,daily precipitation total reported by IMGW-PIB; the adapter currently does not use the associated IMGW measurement-status field
farmwise_api.adapters.API_readers.irish_meteo.irish_ms_daily,irish_meteo.irish_ms_daily,precipitation [mm],precipitation,Precipitation total,0.1 mm (integer-encoded tenths of a millimetre),Precipitation total [mm],mm,"regular gridded rainfall estimates covering Ireland, derived by Met Éireann from station observations and provided in the TM65 / Irish Grid coordinate system",1 km x 1 km,grid,daily rainfall totals; current latest release covers 1941-01-01 through 2025-12-31 and is updated annually,daily,divide source values by 10 to convert encoded tenths of a millimetre to mm; grid coordinates are transformed from EPSG:29902 to WGS84 before assignment to S2 cells,mean,weighted_mean,1.0,public,Met Éireann,Met Éireann Daily Rainfall 1 x 1 km Grids,https://clidata.met.ie/cli/grids_daily/,daily rainfall total on the official Met Éireann 1 x 1 km interpolated rainfall grid
farmwise_api.adapters.API_readers.wetterdienst.wetterdienst_dwd,wetterdienst.wetterdienst_dwd,precipitation_height,precipitation,Precipitation total,mm,Precipitation total [mm],mm,point observations at DWD and partner weather-station locations in Germany,not applicable - irregular weather-station network,point,"daily observations; source records extend back to 1781 depending on station, while FARMWISE dispatch is restricted to 1950-01-01 through the current day; historical records have completed quality control whereas recent records may not yet have completed quality control",daily,none - values are passed through without unit conversion,mean,weighted_mean,1.0,public,Deutscher Wetterdienst (DWD),"Daily station observations (temperature, pressure, precipitation, sunshine duration, etc.) for Germany",https://opendata.dwd.de/climate_environment/CDC/observations_germany/climate/daily/kl/DESCRIPTION_obsgermany-climate-daily-kl_en.pdf,"daily precipitation height; Wetterdienst parameter precipitation_height, original DWD parameter RSK"
farmwise_api.adapters.API_readers.gios.gios_scraper,gios.gios_scraper,Humus [%],soil,Humus,,Humus [%],%,"composite soil samples collected at agricultural monitoring points; each composite sample consists of 20 individual samples collected from a 100 m² area at 0-20 cm depth
","not applicable - network of 216 permanent soil monitoring points
",point,"monitoring surveys conducted every five years: 1995, 2000, 2005, 2010, 2015, 2020 and 2025
",yearly,,mean,weighted_mean,1.0,public,Główny Inspektorat Ochrony Środowiska (GIOŚ),Monitoring Chemizmu Gleb Ornych Polski,https://www.gov.pl/web/gios/monitoring-jakosci-gleby-i-ziemi,
farmwise_api.adapters.API_readers.gios.gios_scraper,gios.gios_scraper,Soil Al [%],soil,Soil Al,,Soil Al [%],%,"composite soil samples collected at agricultural monitoring points; each composite sample consists of 20 individual samples collected from a 100 m² area at 0-20 cm depth
","not applicable - network of 216 permanent soil monitoring points
",point,"monitoring surveys conducted every five years: 1995, 2000, 2005, 2010, 2015, 2020 and 2025
",yearly,,mean,weighted_mean,1.0,public,Główny Inspektorat Ochrony Środowiska (GIOŚ),Monitoring Chemizmu Gleb Ornych Polski,https://www.gov.pl/web/gios/monitoring-jakosci-gleby-i-ziemi,
farmwise_api.adapters.API_readers.gios.gios_scraper,gios.gios_scraper,Soil Al [cmol(+)*kg-1],soil,Soil Al [cmol(+)*kg-1],,Soil Al [cmol(+)*kg-1],,"composite soil samples collected at agricultural monitoring points; each composite sample consists of 20 individual samples collected from a 100 m² area at 0-20 cm depth
","not applicable - network of 216 permanent soil monitoring points
",point,"monitoring surveys conducted every five years: 1995, 2000, 2005, 2010, 2015, 2020 and 2025
",yearly,,mean,weighted_mean,1.0,public,Główny Inspektorat Ochrony Środowiska (GIOŚ),Monitoring Chemizmu Gleb Ornych Polski,https://www.gov.pl/web/gios/monitoring-jakosci-gleby-i-ziemi,
farmwise_api.adapters.API_readers.gios.gios_scraper,gios.gios_scraper,Soil Anthracene [µg*kg-1],soil,Soil Anthracene,,Soil Anthracene [µg*kg-1],µg*kg-1,"composite soil samples collected at agricultural monitoring points; each composite sample consists of 20 individual samples collected from a 100 m² area at 0-20 cm depth
","not applicable - network of 216 permanent soil monitoring points
",point,"monitoring surveys conducted every five years: 1995, 2000, 2005, 2010, 2015, 2020 and 2025
",yearly,,mean,weighted_mean,1.0,public,Główny Inspektorat Ochrony Środowiska (GIOŚ),Monitoring Chemizmu Gleb Ornych Polski,https://www.gov.pl/web/gios/monitoring-jakosci-gleby-i-ziemi,
farmwise_api.adapters.API_readers.gios.gios_scraper,gios.gios_scraper,Soil As [mg*kg-1],soil,Soil As,,Soil As [mg*kg-1],mg*kg-1,"composite soil samples collected at agricultural monitoring points; each composite sample consists of 20 individual samples collected from a 100 m² area at 0-20 cm depth
","not applicable - network of 216 permanent soil monitoring points
",point,"monitoring surveys conducted every five years: 1995, 2000, 2005, 2010, 2015, 2020 and 2025
",yearly,,mean,weighted_mean,1.0,public,Główny Inspektorat Ochrony Środowiska (GIOŚ),Monitoring Chemizmu Gleb Ornych Polski,https://www.gov.pl/web/gios/monitoring-jakosci-gleby-i-ziemi,
farmwise_api.adapters.API_readers.gios.gios_scraper,gios.gios_scraper,Soil Available Ammonium Nitrogen [NNH4 mg*kg-1],soil,Soil Available Ammonium Nitrogen,,Soil Available Ammonium Nitrogen [NNH4 mg*kg-1],NNH4 mg*kg-1,"composite soil samples collected at agricultural monitoring points; each composite sample consists of 20 individual samples collected from a 100 m² area at 0-20 cm depth
","not applicable - network of 216 permanent soil monitoring points
",point,"monitoring surveys conducted every five years: 1995, 2000, 2005, 2010, 2015, 2020 and 2025
",yearly,,mean,weighted_mean,1.0,public,Główny Inspektorat Ochrony Środowiska (GIOŚ),Monitoring Chemizmu Gleb Ornych Polski,https://www.gov.pl/web/gios/monitoring-jakosci-gleby-i-ziemi,
farmwise_api.adapters.API_readers.gios.gios_scraper,gios.gios_scraper,Soil Available Magnesium [mg Mg*100g-1],soil,Soil Available Magnesium,,Soil Available Magnesium [mg Mg*100g-1],mg Mg*100g-1,"composite soil samples collected at agricultural monitoring points; each composite sample consists of 20 individual samples collected from a 100 m² area at 0-20 cm depth
","not applicable - network of 216 permanent soil monitoring points
",point,"monitoring surveys conducted every five years: 1995, 2000, 2005, 2010, 2015, 2020 and 2025
",yearly,,mean,weighted_mean,1.0,public,Główny Inspektorat Ochrony Środowiska (GIOŚ),Monitoring Chemizmu Gleb Ornych Polski,https://www.gov.pl/web/gios/monitoring-jakosci-gleby-i-ziemi,
farmwise_api.adapters.API_readers.gios.gios_scraper,gios.gios_scraper,Soil Available Nitrate Nitrogen [NNO3 mg*kg-1],soil,Soil Available Nitrate Nitrogen,,Soil Available Nitrate Nitrogen [NNO3 mg*kg-1],NNO3 mg*kg-1,"composite soil samples collected at agricultural monitoring points; each composite sample consists of 20 individual samples collected from a 100 m² area at 0-20 cm depth
","not applicable - network of 216 permanent soil monitoring points
",point,"monitoring surveys conducted every five years: 1995, 2000, 2005, 2010, 2015, 2020 and 2025
",yearly,,mean,weighted_mean,1.0,public,Główny Inspektorat Ochrony Środowiska (GIOŚ),Monitoring Chemizmu Gleb Ornych Polski,https://www.gov.pl/web/gios/monitoring-jakosci-gleby-i-ziemi,
farmwise_api.adapters.API_readers.gios.gios_scraper,gios.gios_scraper,Soil Available Potassium [mg K2O*100g-1],soil,Soil Available Potassium,,Soil Available Potassium [mg K2O*100g-1],mg K2O*100g-1,"composite soil samples collected at agricultural monitoring points; each composite sample consists of 20 individual samples collected from a 100 m² area at 0-20 cm depth
","not applicable - network of 216 permanent soil monitoring points
",point,"monitoring surveys conducted every five years: 1995, 2000, 2005, 2010, 2015, 2020 and 2025
",yearly,,mean,weighted_mean,1.0,public,Główny Inspektorat Ochrony Środowiska (GIOŚ),Monitoring Chemizmu Gleb Ornych Polski,https://www.gov.pl/web/gios/monitoring-jakosci-gleby-i-ziemi,
farmwise_api.adapters.API_readers.gios.gios_scraper,gios.gios_scraper,Soil Available Sulphur [mg S-SO4*100g-1],soil,Soil Available Sulphur,,Soil Available Sulphur [mg S-SO4*100g-1],mg S-SO4*100g-1,"composite soil samples collected at agricultural monitoring points; each composite sample consists of 20 individual samples collected from a 100 m² area at 0-20 cm depth
","not applicable - network of 216 permanent soil monitoring points
",point,"monitoring surveys conducted every five years: 1995, 2000, 2005, 2010, 2015, 2020 and 2025
",yearly,,mean,weighted_mean,1.0,public,Główny Inspektorat Ochrony Środowiska (GIOŚ),Monitoring Chemizmu Gleb Ornych Polski,https://www.gov.pl/web/gios/monitoring-jakosci-gleby-i-ziemi,
farmwise_api.adapters.API_readers.gios.gios_scraper,gios.gios_scraper,Soil Ba [mg*kg-1],soil,Soil Ba,,Soil Ba [mg*kg-1],mg*kg-1,"composite soil samples collected at agricultural monitoring points; each composite sample consists of 20 individual samples collected from a 100 m² area at 0-20 cm depth
","not applicable - network of 216 permanent soil monitoring points
",point,"monitoring surveys conducted every five years: 1995, 2000, 2005, 2010, 2015, 2020 and 2025
",yearly,,mean,weighted_mean,1.0,public,Główny Inspektorat Ochrony Środowiska (GIOŚ),Monitoring Chemizmu Gleb Ornych Polski,https://www.gov.pl/web/gios/monitoring-jakosci-gleby-i-ziemi,
farmwise_api.adapters.API_readers.gios.gios_scraper,gios.gios_scraper,Soil Be [mg*kg-1],soil,Soil Be,,Soil Be [mg*kg-1],mg*kg-1,"composite soil samples collected at agricultural monitoring points; each composite sample consists of 20 individual samples collected from a 100 m² area at 0-20 cm depth
","not applicable - network of 216 permanent soil monitoring points
",point,"monitoring surveys conducted every five years: 1995, 2000, 2005, 2010, 2015, 2020 and 2025
",yearly,,mean,weighted_mean,1.0,public,Główny Inspektorat Ochrony Środowiska (GIOŚ),Monitoring Chemizmu Gleb Ornych Polski,https://www.gov.pl/web/gios/monitoring-jakosci-gleby-i-ziemi,
farmwise_api.adapters.API_readers.gios.gios_scraper,gios.gios_scraper,Soil Benzo(a)Anthracene [µg*kg-1],soil,Soil Benzo(a)Anthracene,,Soil Benzo(a)Anthracene [µg*kg-1],µg*kg-1,"composite soil samples collected at agricultural monitoring points; each composite sample consists of 20 individual samples collected from a 100 m² area at 0-20 cm depth
","not applicable - network of 216 permanent soil monitoring points
",point,"monitoring surveys conducted every five years: 1995, 2000, 2005, 2010, 2015, 2020 and 2025
",yearly,,mean,weighted_mean,1.0,public,Główny Inspektorat Ochrony Środowiska (GIOŚ),Monitoring Chemizmu Gleb Ornych Polski,https://www.gov.pl/web/gios/monitoring-jakosci-gleby-i-ziemi,
farmwise_api.adapters.API_readers.gios.gios_scraper,gios.gios_scraper,Soil Benzo(a)Fluoranthene [µg*kg-1],soil,Soil Benzo(a)Fluoranthene,,Soil Benzo(a)Fluoranthene [µg*kg-1],µg*kg-1,"composite soil samples collected at agricultural monitoring points; each composite sample consists of 20 individual samples collected from a 100 m² area at 0-20 cm depth
","not applicable - network of 216 permanent soil monitoring points
",point,"monitoring surveys conducted every five years: 1995, 2000, 2005, 2010, 2015, 2020 and 2025
",yearly,,mean,weighted_mean,1.0,public,Główny Inspektorat Ochrony Środowiska (GIOŚ),Monitoring Chemizmu Gleb Ornych Polski,https://www.gov.pl/web/gios/monitoring-jakosci-gleby-i-ziemi,
farmwise_api.adapters.API_readers.gios.gios_scraper,gios.gios_scraper,Soil Benzo(a)Pyrene [µg*kg-1],soil,Soil Benzo(a)Pyrene,,Soil Benzo(a)Pyrene [µg*kg-1],µg*kg-1,"composite soil samples collected at agricultural monitoring points; each composite sample consists of 20 individual samples collected from a 100 m² area at 0-20 cm depth
","not applicable - network of 216 permanent soil monitoring points
",point,"monitoring surveys conducted every five years: 1995, 2000, 2005, 2010, 2015, 2020 and 2025
",yearly,,mean,weighted_mean,1.0,public,Główny Inspektorat Ochrony Środowiska (GIOŚ),Monitoring Chemizmu Gleb Ornych Polski,https://www.gov.pl/web/gios/monitoring-jakosci-gleby-i-ziemi,
farmwise_api.adapters.API_readers.gios.gios_scraper,gios.gios_scraper,Soil Benzo(b)Fluoranthene [µg*kg-1],soil,Soil Benzo(b)Fluoranthene,,Soil Benzo(b)Fluoranthene [µg*kg-1],µg*kg-1,"composite soil samples collected at agricultural monitoring points; each composite sample consists of 20 individual samples collected from a 100 m² area at 0-20 cm depth
","not applicable - network of 216 permanent soil monitoring points
",point,"monitoring surveys conducted every five years: 1995, 2000, 2005, 2010, 2015, 2020 and 2025
",yearly,,mean,weighted_mean,1.0,public,Główny Inspektorat Ochrony Środowiska (GIOŚ),Monitoring Chemizmu Gleb Ornych Polski,https://www.gov.pl/web/gios/monitoring-jakosci-gleby-i-ziemi,
farmwise_api.adapters.API_readers.gios.gios_scraper,gios.gios_scraper,Soil Benzo(ghi)Perylene [µg*kg-1],soil,Soil Benzo(ghi)Perylene,,Soil Benzo(ghi)Perylene [µg*kg-1],µg*kg-1,"composite soil samples collected at agricultural monitoring points; each composite sample consists of 20 individual samples collected from a 100 m² area at 0-20 cm depth
","not applicable - network of 216 permanent soil monitoring points
",point,"monitoring surveys conducted every five years: 1995, 2000, 2005, 2010, 2015, 2020 and 2025
",yearly,,mean,weighted_mean,1.0,public,Główny Inspektorat Ochrony Środowiska (GIOŚ),Monitoring Chemizmu Gleb Ornych Polski,https://www.gov.pl/web/gios/monitoring-jakosci-gleby-i-ziemi,
farmwise_api.adapters.API_readers.gios.gios_scraper,gios.gios_scraper,Soil Benzo(k)Fluoranthene [µg*kg-1],soil,Soil Benzo(k)Fluoranthene,,Soil Benzo(k)Fluoranthene [µg*kg-1],µg*kg-1,"composite soil samples collected at agricultural monitoring points; each composite sample consists of 20 individual samples collected from a 100 m² area at 0-20 cm depth
","not applicable - network of 216 permanent soil monitoring points
",point,"monitoring surveys conducted every five years: 1995, 2000, 2005, 2010, 2015, 2020 and 2025
",yearly,,mean,weighted_mean,1.0,public,Główny Inspektorat Ochrony Środowiska (GIOŚ),Monitoring Chemizmu Gleb Ornych Polski,https://www.gov.pl/web/gios/monitoring-jakosci-gleby-i-ziemi,
farmwise_api.adapters.API_readers.gios.gios_scraper,gios.gios_scraper,Soil C/N [-],soil,Soil C/N,,Soil C/N [-],-,"composite soil samples collected at agricultural monitoring points; each composite sample consists of 20 individual samples collected from a 100 m² area at 0-20 cm depth
","not applicable - network of 216 permanent soil monitoring points
",point,"monitoring surveys conducted every five years: 1995, 2000, 2005, 2010, 2015, 2020 and 2025
",yearly,,mean,weighted_mean,1.0,public,Główny Inspektorat Ochrony Środowiska (GIOŚ),Monitoring Chemizmu Gleb Ornych Polski,https://www.gov.pl/web/gios/monitoring-jakosci-gleby-i-ziemi,
farmwise_api.adapters.API_readers.gios.gios_scraper,gios.gios_scraper,Soil Ca [%],soil,Soil Ca,,Soil Ca [%],%,"composite soil samples collected at agricultural monitoring points; each composite sample consists of 20 individual samples collected from a 100 m² area at 0-20 cm depth
","not applicable - network of 216 permanent soil monitoring points
",point,"monitoring surveys conducted every five years: 1995, 2000, 2005, 2010, 2015, 2020 and 2025
",yearly,,mean,weighted_mean,1.0,public,Główny Inspektorat Ochrony Środowiska (GIOŚ),Monitoring Chemizmu Gleb Ornych Polski,https://www.gov.pl/web/gios/monitoring-jakosci-gleby-i-ziemi,
farmwise_api.adapters.API_readers.gios.gios_scraper,gios.gios_scraper,Soil Ca2+ [cmol(+)*kg-1],soil,Soil Ca2+ [cmol(+)*kg-1],,Soil Ca2+ [cmol(+)*kg-1],,"composite soil samples collected at agricultural monitoring points; each composite sample consists of 20 individual samples collected from a 100 m² area at 0-20 cm depth
","not applicable - network of 216 permanent soil monitoring points
",point,"monitoring surveys conducted every five years: 1995, 2000, 2005, 2010, 2015, 2020 and 2025
",yearly,,mean,weighted_mean,1.0,public,Główny Inspektorat Ochrony Środowiska (GIOŚ),Monitoring Chemizmu Gleb Ornych Polski,https://www.gov.pl/web/gios/monitoring-jakosci-gleby-i-ziemi,
farmwise_api.adapters.API_readers.gios.gios_scraper,gios.gios_scraper,Soil CaCo3 [%],soil,Soil CaCo3,,Soil CaCo3 [%],%,"composite soil samples collected at agricultural monitoring points; each composite sample consists of 20 individual samples collected from a 100 m² area at 0-20 cm depth
","not applicable - network of 216 permanent soil monitoring points
",point,"monitoring surveys conducted every five years: 1995, 2000, 2005, 2010, 2015, 2020 and 2025
",yearly,,mean,weighted_mean,1.0,public,Główny Inspektorat Ochrony Środowiska (GIOŚ),Monitoring Chemizmu Gleb Ornych Polski,https://www.gov.pl/web/gios/monitoring-jakosci-gleby-i-ziemi,
farmwise_api.adapters.API_readers.gios.gios_scraper,gios.gios_scraper,Soil Cd [mg*kg-1],soil,Soil Cd,,Soil Cd [mg*kg-1],mg*kg-1,"composite soil samples collected at agricultural monitoring points; each composite sample consists of 20 individual samples collected from a 100 m² area at 0-20 cm depth
","not applicable - network of 216 permanent soil monitoring points
",point,"monitoring surveys conducted every five years: 1995, 2000, 2005, 2010, 2015, 2020 and 2025
",yearly,,mean,weighted_mean,1.0,public,Główny Inspektorat Ochrony Środowiska (GIOŚ),Monitoring Chemizmu Gleb Ornych Polski,https://www.gov.pl/web/gios/monitoring-jakosci-gleby-i-ziemi,
farmwise_api.adapters.API_readers.gios.gios_scraper,gios.gios_scraper,Soil Chrysene [µg*kg-1],soil,Soil Chrysene,,Soil Chrysene [µg*kg-1],µg*kg-1,"composite soil samples collected at agricultural monitoring points; each composite sample consists of 20 individual samples collected from a 100 m² area at 0-20 cm depth
","not applicable - network of 216 permanent soil monitoring points
",point,"monitoring surveys conducted every five years: 1995, 2000, 2005, 2010, 2015, 2020 and 2025
",yearly,,mean,weighted_mean,1.0,public,Główny Inspektorat Ochrony Środowiska (GIOŚ),Monitoring Chemizmu Gleb Ornych Polski,https://www.gov.pl/web/gios/monitoring-jakosci-gleby-i-ziemi,
farmwise_api.adapters.API_readers.gios.gios_scraper,gios.gios_scraper,Soil Co [mg*kg-1],soil,Soil Co,,Soil Co [mg*kg-1],mg*kg-1,"composite soil samples collected at agricultural monitoring points; each composite sample consists of 20 individual samples collected from a 100 m² area at 0-20 cm depth
","not applicable - network of 216 permanent soil monitoring points
",point,"monitoring surveys conducted every five years: 1995, 2000, 2005, 2010, 2015, 2020 and 2025
",yearly,,mean,weighted_mean,1.0,public,Główny Inspektorat Ochrony Środowiska (GIOŚ),Monitoring Chemizmu Gleb Ornych Polski,https://www.gov.pl/web/gios/monitoring-jakosci-gleby-i-ziemi,
farmwise_api.adapters.API_readers.gios.gios_scraper,gios.gios_scraper,Soil Cr [mg*kg-1],soil,Soil Cr,,Soil Cr [mg*kg-1],mg*kg-1,"composite soil samples collected at agricultural monitoring points; each composite sample consists of 20 individual samples collected from a 100 m² area at 0-20 cm depth
","not applicable - network of 216 permanent soil monitoring points
",point,"monitoring surveys conducted every five years: 1995, 2000, 2005, 2010, 2015, 2020 and 2025
",yearly,,mean,weighted_mean,1.0,public,Główny Inspektorat Ochrony Środowiska (GIOŚ),Monitoring Chemizmu Gleb Ornych Polski,https://www.gov.pl/web/gios/monitoring-jakosci-gleby-i-ziemi,
farmwise_api.adapters.API_readers.gios.gios_scraper,gios.gios_scraper,Soil Cu [mg*kg-1],soil,Soil Cu,,Soil Cu [mg*kg-1],mg*kg-1,"composite soil samples collected at agricultural monitoring points; each composite sample consists of 20 individual samples collected from a 100 m² area at 0-20 cm depth
","not applicable - network of 216 permanent soil monitoring points
",point,"monitoring surveys conducted every five years: 1995, 2000, 2005, 2010, 2015, 2020 and 2025
",yearly,,mean,weighted_mean,1.0,public,Główny Inspektorat Ochrony Środowiska (GIOŚ),Monitoring Chemizmu Gleb Ornych Polski,https://www.gov.pl/web/gios/monitoring-jakosci-gleby-i-ziemi,
farmwise_api.adapters.API_readers.gios.gios_scraper,gios.gios_scraper,"Soil Dibenzo(a,h)Anthracene [µg*kg-1]",soil,"Soil Dibenzo(a,h)Anthracene",,"Soil Dibenzo(a,h)Anthracene [µg*kg-1]",µg*kg-1,"composite soil samples collected at agricultural monitoring points; each composite sample consists of 20 individual samples collected from a 100 m² area at 0-20 cm depth
","not applicable - network of 216 permanent soil monitoring points
",point,"monitoring surveys conducted every five years: 1995, 2000, 2005, 2010, 2015, 2020 and 2025
",yearly,,mean,weighted_mean,1.0,public,Główny Inspektorat Ochrony Środowiska (GIOŚ),Monitoring Chemizmu Gleb Ornych Polski,https://www.gov.pl/web/gios/monitoring-jakosci-gleby-i-ziemi,
farmwise_api.adapters.API_readers.gios.gios_scraper,gios.gios_scraper,Soil Electrical Conductivity [mS*m-1],soil,Soil Electrical Conductivity,,Soil Electrical Conductivity [mS*m-1],mS*m-1,"composite soil samples collected at agricultural monitoring points; each composite sample consists of 20 individual samples collected from a 100 m² area at 0-20 cm depth
","not applicable - network of 216 permanent soil monitoring points
",point,"monitoring surveys conducted every five years: 1995, 2000, 2005, 2010, 2015, 2020 and 2025
",yearly,,mean,weighted_mean,1.0,public,Główny Inspektorat Ochrony Środowiska (GIOŚ),Monitoring Chemizmu Gleb Ornych Polski,https://www.gov.pl/web/gios/monitoring-jakosci-gleby-i-ziemi,
farmwise_api.adapters.API_readers.gios.gios_scraper,gios.gios_scraper,Soil Fe [%],soil,Soil Fe,,Soil Fe [%],%,"composite soil samples collected at agricultural monitoring points; each composite sample consists of 20 individual samples collected from a 100 m² area at 0-20 cm depth
","not applicable - network of 216 permanent soil monitoring points
",point,"monitoring surveys conducted every five years: 1995, 2000, 2005, 2010, 2015, 2020 and 2025
",yearly,,mean,weighted_mean,1.0,public,Główny Inspektorat Ochrony Środowiska (GIOŚ),Monitoring Chemizmu Gleb Ornych Polski,https://www.gov.pl/web/gios/monitoring-jakosci-gleby-i-ziemi,
farmwise_api.adapters.API_readers.gios.gios_scraper,gios.gios_scraper,Soil Fluoranthene [µg*kg-1],soil,Soil Fluoranthene,,Soil Fluoranthene [µg*kg-1],µg*kg-1,"composite soil samples collected at agricultural monitoring points; each composite sample consists of 20 individual samples collected from a 100 m² area at 0-20 cm depth
","not applicable - network of 216 permanent soil monitoring points
",point,"monitoring surveys conducted every five years: 1995, 2000, 2005, 2010, 2015, 2020 and 2025
",yearly,,mean,weighted_mean,1.0,public,Główny Inspektorat Ochrony Środowiska (GIOŚ),Monitoring Chemizmu Gleb Ornych Polski,https://www.gov.pl/web/gios/monitoring-jakosci-gleby-i-ziemi,
farmwise_api.adapters.API_readers.gios.gios_scraper,gios.gios_scraper,Soil Fluorene [µg*kg-1],soil,Soil Fluorene,,Soil Fluorene [µg*kg-1],µg*kg-1,"composite soil samples collected at agricultural monitoring points; each composite sample consists of 20 individual samples collected from a 100 m² area at 0-20 cm depth
","not applicable - network of 216 permanent soil monitoring points
",point,"monitoring surveys conducted every five years: 1995, 2000, 2005, 2010, 2015, 2020 and 2025
",yearly,,mean,weighted_mean,1.0,public,Główny Inspektorat Ochrony Środowiska (GIOŚ),Monitoring Chemizmu Gleb Ornych Polski,https://www.gov.pl/web/gios/monitoring-jakosci-gleby-i-ziemi,
farmwise_api.adapters.API_readers.gios.gios_scraper,gios.gios_scraper,Soil Granularity: 0.05-0.002 mm [%],soil,Soil Granularity: 0.05-0.002 mm,,Soil Granularity: 0.05-0.002 mm [%],%,"composite soil samples collected at agricultural monitoring points; each composite sample consists of 20 individual samples collected from a 100 m² area at 0-20 cm depth
","not applicable - network of 216 permanent soil monitoring points
",point,"monitoring surveys conducted every five years: 1995, 2000, 2005, 2010, 2015, 2020 and 2025
",yearly,,mean,weighted_mean,1.0,public,Główny Inspektorat Ochrony Środowiska (GIOŚ),Monitoring Chemizmu Gleb Ornych Polski,https://www.gov.pl/web/gios/monitoring-jakosci-gleby-i-ziemi,
farmwise_api.adapters.API_readers.gios.gios_scraper,gios.gios_scraper,Soil Granularity: 0.1-0.02 mm [%],soil,Soil Granularity: 0.1-0.02 mm,,Soil Granularity: 0.1-0.02 mm [%],%,"composite soil samples collected at agricultural monitoring points; each composite sample consists of 20 individual samples collected from a 100 m² area at 0-20 cm depth
","not applicable - network of 216 permanent soil monitoring points
",point,"monitoring surveys conducted every five years: 1995, 2000, 2005, 2010, 2015, 2020 and 2025
",yearly,,mean,weighted_mean,1.0,public,Główny Inspektorat Ochrony Środowiska (GIOŚ),Monitoring Chemizmu Gleb Ornych Polski,https://www.gov.pl/web/gios/monitoring-jakosci-gleby-i-ziemi,
farmwise_api.adapters.API_readers.gios.gios_scraper,gios.gios_scraper,Soil Granularity: 1.0-0.1 mm [%],soil,Soil Granularity: 1.0-0.1 mm,,Soil Granularity: 1.0-0.1 mm [%],%,"composite soil samples collected at agricultural monitoring points; each composite sample consists of 20 individual samples collected from a 100 m² area at 0-20 cm depth
","not applicable - network of 216 permanent soil monitoring points
",point,"monitoring surveys conducted every five years: 1995, 2000, 2005, 2010, 2015, 2020 and 2025
",yearly,,mean,weighted_mean,1.0,public,Główny Inspektorat Ochrony Środowiska (GIOŚ),Monitoring Chemizmu Gleb Ornych Polski,https://www.gov.pl/web/gios/monitoring-jakosci-gleby-i-ziemi,
farmwise_api.adapters.API_readers.gios.gios_scraper,gios.gios_scraper,Soil Granularity: 2.0-0.05 mm [%],soil,Soil Granularity: 2.0-0.05 mm,,Soil Granularity: 2.0-0.05 mm [%],%,"composite soil samples collected at agricultural monitoring points; each composite sample consists of 20 individual samples collected from a 100 m² area at 0-20 cm depth
","not applicable - network of 216 permanent soil monitoring points
",point,"monitoring surveys conducted every five years: 1995, 2000, 2005, 2010, 2015, 2020 and 2025
",yearly,,mean,weighted_mean,1.0,public,Główny Inspektorat Ochrony Środowiska (GIOŚ),Monitoring Chemizmu Gleb Ornych Polski,https://www.gov.pl/web/gios/monitoring-jakosci-gleby-i-ziemi,
farmwise_api.adapters.API_readers.gios.gios_scraper,gios.gios_scraper,Soil Granularity: < 0.002 mm [%],soil,Soil Granularity: < 0.002 mm,,Soil Granularity: < 0.002 mm [%],%,"composite soil samples collected at agricultural monitoring points; each composite sample consists of 20 individual samples collected from a 100 m² area at 0-20 cm depth
","not applicable - network of 216 permanent soil monitoring points
",point,"monitoring surveys conducted every five years: 1995, 2000, 2005, 2010, 2015, 2020 and 2025
",yearly,,mean,weighted_mean,1.0,public,Główny Inspektorat Ochrony Środowiska (GIOŚ),Monitoring Chemizmu Gleb Ornych Polski,https://www.gov.pl/web/gios/monitoring-jakosci-gleby-i-ziemi,
farmwise_api.adapters.API_readers.gios.gios_scraper,gios.gios_scraper,Soil Granularity: < 0.02 mm [%],soil,Soil Granularity: < 0.02 mm,,Soil Granularity: < 0.02 mm [%],%,"composite soil samples collected at agricultural monitoring points; each composite sample consists of 20 individual samples collected from a 100 m² area at 0-20 cm depth
","not applicable - network of 216 permanent soil monitoring points
",point,"monitoring surveys conducted every five years: 1995, 2000, 2005, 2010, 2015, 2020 and 2025
",yearly,,mean,weighted_mean,1.0,public,Główny Inspektorat Ochrony Środowiska (GIOŚ),Monitoring Chemizmu Gleb Ornych Polski,https://www.gov.pl/web/gios/monitoring-jakosci-gleby-i-ziemi,
farmwise_api.adapters.API_readers.gios.gios_scraper,gios.gios_scraper,Soil Hg [mg*kg-1],soil,Soil Hg,,Soil Hg [mg*kg-1],mg*kg-1,"composite soil samples collected at agricultural monitoring points; each composite sample consists of 20 individual samples collected from a 100 m² area at 0-20 cm depth
","not applicable - network of 216 permanent soil monitoring points
",point,"monitoring surveys conducted every five years: 1995, 2000, 2005, 2010, 2015, 2020 and 2025
",yearly,,mean,weighted_mean,1.0,public,Główny Inspektorat Ochrony Środowiska (GIOŚ),Monitoring Chemizmu Gleb Ornych Polski,https://www.gov.pl/web/gios/monitoring-jakosci-gleby-i-ziemi,
farmwise_api.adapters.API_readers.gios.gios_scraper,gios.gios_scraper,Soil Hh [cmol(+)*kg-1],soil,Soil Hh [cmol(+)*kg-1],,Soil Hh [cmol(+)*kg-1],,"composite soil samples collected at agricultural monitoring points; each composite sample consists of 20 individual samples collected from a 100 m² area at 0-20 cm depth
","not applicable - network of 216 permanent soil monitoring points
",point,"monitoring surveys conducted every five years: 1995, 2000, 2005, 2010, 2015, 2020 and 2025
",yearly,,mean,weighted_mean,1.0,public,Główny Inspektorat Ochrony Środowiska (GIOŚ),Monitoring Chemizmu Gleb Ornych Polski,https://www.gov.pl/web/gios/monitoring-jakosci-gleby-i-ziemi,
farmwise_api.adapters.API_readers.gios.gios_scraper,gios.gios_scraper,Soil Hw [cmol(+)*kg-1],soil,Soil Hw [cmol(+)*kg-1],,Soil Hw [cmol(+)*kg-1],,"composite soil samples collected at agricultural monitoring points; each composite sample consists of 20 individual samples collected from a 100 m² area at 0-20 cm depth
","not applicable - network of 216 permanent soil monitoring points
",point,"monitoring surveys conducted every five years: 1995, 2000, 2005, 2010, 2015, 2020 and 2025
",yearly,,mean,weighted_mean,1.0,public,Główny Inspektorat Ochrony Środowiska (GIOŚ),Monitoring Chemizmu Gleb Ornych Polski,https://www.gov.pl/web/gios/monitoring-jakosci-gleby-i-ziemi,
farmwise_api.adapters.API_readers.gios.gios_scraper,gios.gios_scraper,"Soil Indeno(1,2,3-cd)Pyrene [µg*kg-1]",soil,"Soil Indeno(1,2,3-cd)Pyrene",,"Soil Indeno(1,2,3-cd)Pyrene [µg*kg-1]",µg*kg-1,"composite soil samples collected at agricultural monitoring points; each composite sample consists of 20 individual samples collected from a 100 m² area at 0-20 cm depth
","not applicable - network of 216 permanent soil monitoring points
",point,"monitoring surveys conducted every five years: 1995, 2000, 2005, 2010, 2015, 2020 and 2025
",yearly,,mean,weighted_mean,1.0,public,Główny Inspektorat Ochrony Środowiska (GIOŚ),Monitoring Chemizmu Gleb Ornych Polski,https://www.gov.pl/web/gios/monitoring-jakosci-gleby-i-ziemi,
farmwise_api.adapters.API_readers.gios.gios_scraper,gios.gios_scraper,Soil K [%],soil,Soil K,,Soil K [%],%,"composite soil samples collected at agricultural monitoring points; each composite sample consists of 20 individual samples collected from a 100 m² area at 0-20 cm depth
","not applicable - network of 216 permanent soil monitoring points
",point,"monitoring surveys conducted every five years: 1995, 2000, 2005, 2010, 2015, 2020 and 2025
",yearly,,mean,weighted_mean,1.0,public,Główny Inspektorat Ochrony Środowiska (GIOŚ),Monitoring Chemizmu Gleb Ornych Polski,https://www.gov.pl/web/gios/monitoring-jakosci-gleby-i-ziemi,
farmwise_api.adapters.API_readers.gios.gios_scraper,gios.gios_scraper,Soil K+ [cmol(+)*kg-1],soil,Soil K+ [cmol(+)*kg-1],,Soil K+ [cmol(+)*kg-1],,"composite soil samples collected at agricultural monitoring points; each composite sample consists of 20 individual samples collected from a 100 m² area at 0-20 cm depth
","not applicable - network of 216 permanent soil monitoring points
",point,"monitoring surveys conducted every five years: 1995, 2000, 2005, 2010, 2015, 2020 and 2025
",yearly,,mean,weighted_mean,1.0,public,Główny Inspektorat Ochrony Środowiska (GIOŚ),Monitoring Chemizmu Gleb Ornych Polski,https://www.gov.pl/web/gios/monitoring-jakosci-gleby-i-ziemi,
farmwise_api.adapters.API_readers.gios.gios_scraper,gios.gios_scraper,Soil La [mg*kg-1],soil,Soil La,,Soil La [mg*kg-1],mg*kg-1,"composite soil samples collected at agricultural monitoring points; each composite sample consists of 20 individual samples collected from a 100 m² area at 0-20 cm depth
","not applicable - network of 216 permanent soil monitoring points
",point,"monitoring surveys conducted every five years: 1995, 2000, 2005, 2010, 2015, 2020 and 2025
",yearly,,mean,weighted_mean,1.0,public,Główny Inspektorat Ochrony Środowiska (GIOŚ),Monitoring Chemizmu Gleb Ornych Polski,https://www.gov.pl/web/gios/monitoring-jakosci-gleby-i-ziemi,
farmwise_api.adapters.API_readers.gios.gios_scraper,gios.gios_scraper,Soil Li [mg*kg-1],soil,Soil Li,,Soil Li [mg*kg-1],mg*kg-1,"composite soil samples collected at agricultural monitoring points; each composite sample consists of 20 individual samples collected from a 100 m² area at 0-20 cm depth
","not applicable - network of 216 permanent soil monitoring points
",point,"monitoring surveys conducted every five years: 1995, 2000, 2005, 2010, 2015, 2020 and 2025
",yearly,,mean,weighted_mean,1.0,public,Główny Inspektorat Ochrony Środowiska (GIOŚ),Monitoring Chemizmu Gleb Ornych Polski,https://www.gov.pl/web/gios/monitoring-jakosci-gleby-i-ziemi,
farmwise_api.adapters.API_readers.gios.gios_scraper,gios.gios_scraper,Soil Mg [%],soil,Soil Mg,,Soil Mg [%],%,"composite soil samples collected at agricultural monitoring points; each composite sample consists of 20 individual samples collected from a 100 m² area at 0-20 cm depth
","not applicable - network of 216 permanent soil monitoring points
",point,"monitoring surveys conducted every five years: 1995, 2000, 2005, 2010, 2015, 2020 and 2025
",yearly,,mean,weighted_mean,1.0,public,Główny Inspektorat Ochrony Środowiska (GIOŚ),Monitoring Chemizmu Gleb Ornych Polski,https://www.gov.pl/web/gios/monitoring-jakosci-gleby-i-ziemi,
farmwise_api.adapters.API_readers.gios.gios_scraper,gios.gios_scraper,Soil Mg2+ [cmol(+)*kg-1],soil,Soil Mg2+ [cmol(+)*kg-1],,Soil Mg2+ [cmol(+)*kg-1],,"composite soil samples collected at agricultural monitoring points; each composite sample consists of 20 individual samples collected from a 100 m² area at 0-20 cm depth
","not applicable - network of 216 permanent soil monitoring points
",point,"monitoring surveys conducted every five years: 1995, 2000, 2005, 2010, 2015, 2020 and 2025
",yearly,,mean,weighted_mean,1.0,public,Główny Inspektorat Ochrony Środowiska (GIOŚ),Monitoring Chemizmu Gleb Ornych Polski,https://www.gov.pl/web/gios/monitoring-jakosci-gleby-i-ziemi,
farmwise_api.adapters.API_readers.gios.gios_scraper,gios.gios_scraper,Soil Mn [mg*kg-1],soil,Soil Mn,,Soil Mn [mg*kg-1],mg*kg-1,"composite soil samples collected at agricultural monitoring points; each composite sample consists of 20 individual samples collected from a 100 m² area at 0-20 cm depth
","not applicable - network of 216 permanent soil monitoring points
",point,"monitoring surveys conducted every five years: 1995, 2000, 2005, 2010, 2015, 2020 and 2025
",yearly,,mean,weighted_mean,1.0,public,Główny Inspektorat Ochrony Środowiska (GIOŚ),Monitoring Chemizmu Gleb Ornych Polski,https://www.gov.pl/web/gios/monitoring-jakosci-gleby-i-ziemi,
farmwise_api.adapters.API_readers.gios.gios_scraper,gios.gios_scraper,Soil Na [%],soil,Soil Na,,Soil Na [%],%,"composite soil samples collected at agricultural monitoring points; each composite sample consists of 20 individual samples collected from a 100 m² area at 0-20 cm depth
","not applicable - network of 216 permanent soil monitoring points
",point,"monitoring surveys conducted every five years: 1995, 2000, 2005, 2010, 2015, 2020 and 2025
",yearly,,mean,weighted_mean,1.0,public,Główny Inspektorat Ochrony Środowiska (GIOŚ),Monitoring Chemizmu Gleb Ornych Polski,https://www.gov.pl/web/gios/monitoring-jakosci-gleby-i-ziemi,
farmwise_api.adapters.API_readers.gios.gios_scraper,gios.gios_scraper,Soil Na+ [cmol(+)*kg-1],soil,Soil Na+ [cmol(+)*kg-1],,Soil Na+ [cmol(+)*kg-1],,"composite soil samples collected at agricultural monitoring points; each composite sample consists of 20 individual samples collected from a 100 m² area at 0-20 cm depth
","not applicable - network of 216 permanent soil monitoring points
",point,"monitoring surveys conducted every five years: 1995, 2000, 2005, 2010, 2015, 2020 and 2025
",yearly,,mean,weighted_mean,1.0,public,Główny Inspektorat Ochrony Środowiska (GIOŚ),Monitoring Chemizmu Gleb Ornych Polski,https://www.gov.pl/web/gios/monitoring-jakosci-gleby-i-ziemi,
farmwise_api.adapters.API_readers.gios.gios_scraper,gios.gios_scraper,Soil Naphthalene [µg*kg-1],soil,Soil Naphthalene,,Soil Naphthalene [µg*kg-1],µg*kg-1,"composite soil samples collected at agricultural monitoring points; each composite sample consists of 20 individual samples collected from a 100 m² area at 0-20 cm depth
","not applicable - network of 216 permanent soil monitoring points
",point,"monitoring surveys conducted every five years: 1995, 2000, 2005, 2010, 2015, 2020 and 2025
",yearly,,mean,weighted_mean,1.0,public,Główny Inspektorat Ochrony Środowiska (GIOŚ),Monitoring Chemizmu Gleb Ornych Polski,https://www.gov.pl/web/gios/monitoring-jakosci-gleby-i-ziemi,
farmwise_api.adapters.API_readers.gios.gios_scraper,gios.gios_scraper,Soil Ni [mg*kg-1],soil,Soil Ni,,Soil Ni [mg*kg-1],mg*kg-1,"composite soil samples collected at agricultural monitoring points; each composite sample consists of 20 individual samples collected from a 100 m² area at 0-20 cm depth
","not applicable - network of 216 permanent soil monitoring points
",point,"monitoring surveys conducted every five years: 1995, 2000, 2005, 2010, 2015, 2020 and 2025
",yearly,,mean,weighted_mean,1.0,public,Główny Inspektorat Ochrony Środowiska (GIOŚ),Monitoring Chemizmu Gleb Ornych Polski,https://www.gov.pl/web/gios/monitoring-jakosci-gleby-i-ziemi,
farmwise_api.adapters.API_readers.gios.gios_scraper,gios.gios_scraper,Soil Organic Carbon [%],soil,Soil Organic Carbon,,Soil Organic Carbon [%],%,"composite soil samples collected at agricultural monitoring points; each composite sample consists of 20 individual samples collected from a 100 m² area at 0-20 cm depth
","not applicable - network of 216 permanent soil monitoring points
",point,"monitoring surveys conducted every five years: 1995, 2000, 2005, 2010, 2015, 2020 and 2025
",yearly,,mean,weighted_mean,1.0,public,Główny Inspektorat Ochrony Środowiska (GIOŚ),Monitoring Chemizmu Gleb Ornych Polski,https://www.gov.pl/web/gios/monitoring-jakosci-gleby-i-ziemi,
farmwise_api.adapters.API_readers.gios.gios_scraper,gios.gios_scraper,Soil Organochlorine Pesticides Aldrin [mg*kg-1],soil,Soil Organochlorine Pesticides Aldrin,,Soil Organochlorine Pesticides Aldrin [mg*kg-1],mg*kg-1,"composite soil samples collected at agricultural monitoring points; each composite sample consists of 20 individual samples collected from a 100 m² area at 0-20 cm depth
","not applicable - network of 216 permanent soil monitoring points
",point,"monitoring surveys conducted every five years: 1995, 2000, 2005, 2010, 2015, 2020 and 2025
",yearly,,mean,weighted_mean,1.0,public,Główny Inspektorat Ochrony Środowiska (GIOŚ),Monitoring Chemizmu Gleb Ornych Polski,https://www.gov.pl/web/gios/monitoring-jakosci-gleby-i-ziemi,
farmwise_api.adapters.API_readers.gios.gios_scraper,gios.gios_scraper,Soil Organochlorine Pesticides Alfa-HCH [mg*kg-1],soil,Soil Organochlorine Pesticides Alfa-HCH,,Soil Organochlorine Pesticides Alfa-HCH [mg*kg-1],mg*kg-1,"composite soil samples collected at agricultural monitoring points; each composite sample consists of 20 individual samples collected from a 100 m² area at 0-20 cm depth
","not applicable - network of 216 permanent soil monitoring points
",point,"monitoring surveys conducted every five years: 1995, 2000, 2005, 2010, 2015, 2020 and 2025
",yearly,,mean,weighted_mean,1.0,public,Główny Inspektorat Ochrony Środowiska (GIOŚ),Monitoring Chemizmu Gleb Ornych Polski,https://www.gov.pl/web/gios/monitoring-jakosci-gleby-i-ziemi,
farmwise_api.adapters.API_readers.gios.gios_scraper,gios.gios_scraper,Soil Organochlorine Pesticides Beta-HCH [mg*kg-1],soil,Soil Organochlorine Pesticides Beta-HCH,,Soil Organochlorine Pesticides Beta-HCH [mg*kg-1],mg*kg-1,"composite soil samples collected at agricultural monitoring points; each composite sample consists of 20 individual samples collected from a 100 m² area at 0-20 cm depth
","not applicable - network of 216 permanent soil monitoring points
",point,"monitoring surveys conducted every five years: 1995, 2000, 2005, 2010, 2015, 2020 and 2025
",yearly,,mean,weighted_mean,1.0,public,Główny Inspektorat Ochrony Środowiska (GIOŚ),Monitoring Chemizmu Gleb Ornych Polski,https://www.gov.pl/web/gios/monitoring-jakosci-gleby-i-ziemi,
farmwise_api.adapters.API_readers.gios.gios_scraper,gios.gios_scraper,Soil Organochlorine Pesticides DDT/DDE/DDD [mg*kg-1],soil,Soil Organochlorine Pesticides DDT/DDE/DDD,,Soil Organochlorine Pesticides DDT/DDE/DDD [mg*kg-1],mg*kg-1,"composite soil samples collected at agricultural monitoring points; each composite sample consists of 20 individual samples collected from a 100 m² area at 0-20 cm depth
","not applicable - network of 216 permanent soil monitoring points
",point,"monitoring surveys conducted every five years: 1995, 2000, 2005, 2010, 2015, 2020 and 2025
",yearly,,mean,weighted_mean,1.0,public,Główny Inspektorat Ochrony Środowiska (GIOŚ),Monitoring Chemizmu Gleb Ornych Polski,https://www.gov.pl/web/gios/monitoring-jakosci-gleby-i-ziemi,
farmwise_api.adapters.API_readers.gios.gios_scraper,gios.gios_scraper,Soil Organochlorine Pesticides Dieldrin [mg*kg-1],soil,Soil Organochlorine Pesticides Dieldrin,,Soil Organochlorine Pesticides Dieldrin [mg*kg-1],mg*kg-1,"composite soil samples collected at agricultural monitoring points; each composite sample consists of 20 individual samples collected from a 100 m² area at 0-20 cm depth
","not applicable - network of 216 permanent soil monitoring points
",point,"monitoring surveys conducted every five years: 1995, 2000, 2005, 2010, 2015, 2020 and 2025
",yearly,,mean,weighted_mean,1.0,public,Główny Inspektorat Ochrony Środowiska (GIOŚ),Monitoring Chemizmu Gleb Ornych Polski,https://www.gov.pl/web/gios/monitoring-jakosci-gleby-i-ziemi,
farmwise_api.adapters.API_readers.gios.gios_scraper,gios.gios_scraper,Soil Organochlorine Pesticides Endrin [mg*kg-1],soil,Soil Organochlorine Pesticides Endrin,,Soil Organochlorine Pesticides Endrin [mg*kg-1],mg*kg-1,"composite soil samples collected at agricultural monitoring points; each composite sample consists of 20 individual samples collected from a 100 m² area at 0-20 cm depth
","not applicable - network of 216 permanent soil monitoring points
",point,"monitoring surveys conducted every five years: 1995, 2000, 2005, 2010, 2015, 2020 and 2025
",yearly,,mean,weighted_mean,1.0,public,Główny Inspektorat Ochrony Środowiska (GIOŚ),Monitoring Chemizmu Gleb Ornych Polski,https://www.gov.pl/web/gios/monitoring-jakosci-gleby-i-ziemi,
farmwise_api.adapters.API_readers.gios.gios_scraper,gios.gios_scraper,Soil Organochlorine Pesticides Gamma-HCH [mg*kg-1],soil,Soil Organochlorine Pesticides Gamma-HCH,,Soil Organochlorine Pesticides Gamma-HCH [mg*kg-1],mg*kg-1,"composite soil samples collected at agricultural monitoring points; each composite sample consists of 20 individual samples collected from a 100 m² area at 0-20 cm depth
","not applicable - network of 216 permanent soil monitoring points
",point,"monitoring surveys conducted every five years: 1995, 2000, 2005, 2010, 2015, 2020 and 2025
",yearly,,mean,weighted_mean,1.0,public,Główny Inspektorat Ochrony Środowiska (GIOŚ),Monitoring Chemizmu Gleb Ornych Polski,https://www.gov.pl/web/gios/monitoring-jakosci-gleby-i-ziemi,
farmwise_api.adapters.API_readers.gios.gios_scraper,gios.gios_scraper,Soil P [%],soil,Soil P,,Soil P [%],%,"composite soil samples collected at agricultural monitoring points; each composite sample consists of 20 individual samples collected from a 100 m² area at 0-20 cm depth
","not applicable - network of 216 permanent soil monitoring points
",point,"monitoring surveys conducted every five years: 1995, 2000, 2005, 2010, 2015, 2020 and 2025
",yearly,,mean,weighted_mean,1.0,public,Główny Inspektorat Ochrony Środowiska (GIOŚ),Monitoring Chemizmu Gleb Ornych Polski,https://www.gov.pl/web/gios/monitoring-jakosci-gleby-i-ziemi,
farmwise_api.adapters.API_readers.gios.gios_scraper,gios.gios_scraper,Soil PAH Sum 13 [µg*kg-1],soil,Soil PAH Sum 13,,Soil PAH Sum 13 [µg*kg-1],µg*kg-1,"composite soil samples collected at agricultural monitoring points; each composite sample consists of 20 individual samples collected from a 100 m² area at 0-20 cm depth
","not applicable - network of 216 permanent soil monitoring points
",point,"monitoring surveys conducted every five years: 1995, 2000, 2005, 2010, 2015, 2020 and 2025
",yearly,,mean,weighted_mean,1.0,public,Główny Inspektorat Ochrony Środowiska (GIOŚ),Monitoring Chemizmu Gleb Ornych Polski,https://www.gov.pl/web/gios/monitoring-jakosci-gleby-i-ziemi,
farmwise_api.adapters.API_readers.gios.gios_scraper,gios.gios_scraper,Soil Pb [mg*kg-1],soil,Soil Pb,,Soil Pb [mg*kg-1],mg*kg-1,"composite soil samples collected at agricultural monitoring points; each composite sample consists of 20 individual samples collected from a 100 m² area at 0-20 cm depth
","not applicable - network of 216 permanent soil monitoring points
",point,"monitoring surveys conducted every five years: 1995, 2000, 2005, 2010, 2015, 2020 and 2025
",yearly,,mean,weighted_mean,1.0,public,Główny Inspektorat Ochrony Środowiska (GIOŚ),Monitoring Chemizmu Gleb Ornych Polski,https://www.gov.pl/web/gios/monitoring-jakosci-gleby-i-ziemi,
farmwise_api.adapters.API_readers.gios.gios_scraper,gios.gios_scraper,Soil Pesticides Non Chlorinated Compounds Atrazin [mg*kg-1],soil,Soil Pesticides Non Chlorinated Compounds Atrazin,,Soil Pesticides Non Chlorinated Compounds Atrazin [mg*kg-1],mg*kg-1,"composite soil samples collected at agricultural monitoring points; each composite sample consists of 20 individual samples collected from a 100 m² area at 0-20 cm depth
","not applicable - network of 216 permanent soil monitoring points
",point,"monitoring surveys conducted every five years: 1995, 2000, 2005, 2010, 2015, 2020 and 2025
",yearly,,mean,weighted_mean,1.0,public,Główny Inspektorat Ochrony Środowiska (GIOŚ),Monitoring Chemizmu Gleb Ornych Polski,https://www.gov.pl/web/gios/monitoring-jakosci-gleby-i-ziemi,
farmwise_api.adapters.API_readers.gios.gios_scraper,gios.gios_scraper,Soil Pesticides Non Chlorinated Compounds Carbaryl [mg*kg-1],soil,Soil Pesticides Non Chlorinated Compounds Carbaryl,,Soil Pesticides Non Chlorinated Compounds Carbaryl [mg*kg-1],mg*kg-1,"composite soil samples collected at agricultural monitoring points; each composite sample consists of 20 individual samples collected from a 100 m² area at 0-20 cm depth
","not applicable - network of 216 permanent soil monitoring points
",point,"monitoring surveys conducted every five years: 1995, 2000, 2005, 2010, 2015, 2020 and 2025
",yearly,,mean,weighted_mean,1.0,public,Główny Inspektorat Ochrony Środowiska (GIOŚ),Monitoring Chemizmu Gleb Ornych Polski,https://www.gov.pl/web/gios/monitoring-jakosci-gleby-i-ziemi,
farmwise_api.adapters.API_readers.gios.gios_scraper,gios.gios_scraper,Soil Pesticides Non Chlorinated Compounds Carbofuran [mg*kg-1],soil,Soil Pesticides Non Chlorinated Compounds Carbofuran,,Soil Pesticides Non Chlorinated Compounds Carbofuran [mg*kg-1],mg*kg-1,"composite soil samples collected at agricultural monitoring points; each composite sample consists of 20 individual samples collected from a 100 m² area at 0-20 cm depth
","not applicable - network of 216 permanent soil monitoring points
",point,"monitoring surveys conducted every five years: 1995, 2000, 2005, 2010, 2015, 2020 and 2025
",yearly,,mean,weighted_mean,1.0,public,Główny Inspektorat Ochrony Środowiska (GIOŚ),Monitoring Chemizmu Gleb Ornych Polski,https://www.gov.pl/web/gios/monitoring-jakosci-gleby-i-ziemi,
farmwise_api.adapters.API_readers.gios.gios_scraper,gios.gios_scraper,Soil Pesticides Non Chlorinated Compounds Maneb [mg*kg-1],soil,Soil Pesticides Non Chlorinated Compounds Maneb,,Soil Pesticides Non Chlorinated Compounds Maneb [mg*kg-1],mg*kg-1,"composite soil samples collected at agricultural monitoring points; each composite sample consists of 20 individual samples collected from a 100 m² area at 0-20 cm depth
","not applicable - network of 216 permanent soil monitoring points
",point,"monitoring surveys conducted every five years: 1995, 2000, 2005, 2010, 2015, 2020 and 2025
",yearly,,mean,weighted_mean,1.0,public,Główny Inspektorat Ochrony Środowiska (GIOŚ),Monitoring Chemizmu Gleb Ornych Polski,https://www.gov.pl/web/gios/monitoring-jakosci-gleby-i-ziemi,
farmwise_api.adapters.API_readers.gios.gios_scraper,gios.gios_scraper,Soil Phenanthrene [µg*kg-1],soil,Soil Phenanthrene,,Soil Phenanthrene [µg*kg-1],µg*kg-1,"composite soil samples collected at agricultural monitoring points; each composite sample consists of 20 individual samples collected from a 100 m² area at 0-20 cm depth
","not applicable - network of 216 permanent soil monitoring points
",point,"monitoring surveys conducted every five years: 1995, 2000, 2005, 2010, 2015, 2020 and 2025
",yearly,,mean,weighted_mean,1.0,public,Główny Inspektorat Ochrony Środowiska (GIOŚ),Monitoring Chemizmu Gleb Ornych Polski,https://www.gov.pl/web/gios/monitoring-jakosci-gleby-i-ziemi,
farmwise_api.adapters.API_readers.gios.gios_scraper,gios.gios_scraper,Soil Pyrene [µg*kg-1],soil,Soil Pyrene,,Soil Pyrene [µg*kg-1],µg*kg-1,"composite soil samples collected at agricultural monitoring points; each composite sample consists of 20 individual samples collected from a 100 m² area at 0-20 cm depth
","not applicable - network of 216 permanent soil monitoring points
",point,"monitoring surveys conducted every five years: 1995, 2000, 2005, 2010, 2015, 2020 and 2025
",yearly,,mean,weighted_mean,1.0,public,Główny Inspektorat Ochrony Środowiska (GIOŚ),Monitoring Chemizmu Gleb Ornych Polski,https://www.gov.pl/web/gios/monitoring-jakosci-gleby-i-ziemi,
farmwise_api.adapters.API_readers.gios.gios_scraper,gios.gios_scraper,Soil Radioactivity [Bq*kg-1],soil,Soil Radioactivity,,Soil Radioactivity [Bq*kg-1],Bq*kg-1,"composite soil samples collected at agricultural monitoring points; each composite sample consists of 20 individual samples collected from a 100 m² area at 0-20 cm depth
","not applicable - network of 216 permanent soil monitoring points
",point,"monitoring surveys conducted every five years: 1995, 2000, 2005, 2010, 2015, 2020 and 2025
",yearly,,mean,weighted_mean,1.0,public,Główny Inspektorat Ochrony Środowiska (GIOŚ),Monitoring Chemizmu Gleb Ornych Polski,https://www.gov.pl/web/gios/monitoring-jakosci-gleby-i-ziemi,
farmwise_api.adapters.API_readers.gios.gios_scraper,gios.gios_scraper,Soil S [%],soil,Soil S,,Soil S [%],%,"composite soil samples collected at agricultural monitoring points; each composite sample consists of 20 individual samples collected from a 100 m² area at 0-20 cm depth
","not applicable - network of 216 permanent soil monitoring points
",point,"monitoring surveys conducted every five years: 1995, 2000, 2005, 2010, 2015, 2020 and 2025
",yearly,,mean,weighted_mean,1.0,public,Główny Inspektorat Ochrony Środowiska (GIOŚ),Monitoring Chemizmu Gleb Ornych Polski,https://www.gov.pl/web/gios/monitoring-jakosci-gleby-i-ziemi,
farmwise_api.adapters.API_readers.gios.gios_scraper,gios.gios_scraper,Soil S [cmol(+)*kg-1],soil,Soil S [cmol(+)*kg-1],,Soil S [cmol(+)*kg-1],,"composite soil samples collected at agricultural monitoring points; each composite sample consists of 20 individual samples collected from a 100 m² area at 0-20 cm depth
","not applicable - network of 216 permanent soil monitoring points
",point,"monitoring surveys conducted every five years: 1995, 2000, 2005, 2010, 2015, 2020 and 2025
",yearly,,mean,weighted_mean,1.0,public,Główny Inspektorat Ochrony Środowiska (GIOŚ),Monitoring Chemizmu Gleb Ornych Polski,https://www.gov.pl/web/gios/monitoring-jakosci-gleby-i-ziemi,
farmwise_api.adapters.API_readers.gios.gios_scraper,gios.gios_scraper,Soil Salinity [mg KCl*100g-1],soil,Soil Salinity,,Soil Salinity [mg KCl*100g-1],mg KCl*100g-1,"composite soil samples collected at agricultural monitoring points; each composite sample consists of 20 individual samples collected from a 100 m² area at 0-20 cm depth
","not applicable - network of 216 permanent soil monitoring points
",point,"monitoring surveys conducted every five years: 1995, 2000, 2005, 2010, 2015, 2020 and 2025
",yearly,,mean,weighted_mean,1.0,public,Główny Inspektorat Ochrony Środowiska (GIOŚ),Monitoring Chemizmu Gleb Ornych Polski,https://www.gov.pl/web/gios/monitoring-jakosci-gleby-i-ziemi,
farmwise_api.adapters.API_readers.gios.gios_scraper,gios.gios_scraper,Soil Sr [mg*kg-1],soil,Soil Sr,,Soil Sr [mg*kg-1],mg*kg-1,"composite soil samples collected at agricultural monitoring points; each composite sample consists of 20 individual samples collected from a 100 m² area at 0-20 cm depth
","not applicable - network of 216 permanent soil monitoring points
",point,"monitoring surveys conducted every five years: 1995, 2000, 2005, 2010, 2015, 2020 and 2025
",yearly,,mean,weighted_mean,1.0,public,Główny Inspektorat Ochrony Środowiska (GIOŚ),Monitoring Chemizmu Gleb Ornych Polski,https://www.gov.pl/web/gios/monitoring-jakosci-gleby-i-ziemi,
farmwise_api.adapters.API_readers.gios.gios_scraper,gios.gios_scraper,Soil T [cmol(+)*kg-1],soil,Soil T [cmol(+)*kg-1],,Soil T [cmol(+)*kg-1],,"composite soil samples collected at agricultural monitoring points; each composite sample consists of 20 individual samples collected from a 100 m² area at 0-20 cm depth
","not applicable - network of 216 permanent soil monitoring points
",point,"monitoring surveys conducted every five years: 1995, 2000, 2005, 2010, 2015, 2020 and 2025
",yearly,,mean,weighted_mean,1.0,public,Główny Inspektorat Ochrony Środowiska (GIOŚ),Monitoring Chemizmu Gleb Ornych Polski,https://www.gov.pl/web/gios/monitoring-jakosci-gleby-i-ziemi,
farmwise_api.adapters.API_readers.gios.gios_scraper,gios.gios_scraper,Soil Total Nitrogen [%],soil,Soil Total Nitrogen,,Soil Total Nitrogen [%],%,"composite soil samples collected at agricultural monitoring points; each composite sample consists of 20 individual samples collected from a 100 m² area at 0-20 cm depth
","not applicable - network of 216 permanent soil monitoring points
",point,"monitoring surveys conducted every five years: 1995, 2000, 2005, 2010, 2015, 2020 and 2025
",yearly,,mean,weighted_mean,1.0,public,Główny Inspektorat Ochrony Środowiska (GIOŚ),Monitoring Chemizmu Gleb Ornych Polski,https://www.gov.pl/web/gios/monitoring-jakosci-gleby-i-ziemi,
farmwise_api.adapters.API_readers.gios.gios_scraper,gios.gios_scraper,Soil V [%],soil,Soil V,,Soil V [%],%,"composite soil samples collected at agricultural monitoring points; each composite sample consists of 20 individual samples collected from a 100 m² area at 0-20 cm depth
","not applicable - network of 216 permanent soil monitoring points
",point,"monitoring surveys conducted every five years: 1995, 2000, 2005, 2010, 2015, 2020 and 2025
",yearly,,mean,weighted_mean,1.0,public,Główny Inspektorat Ochrony Środowiska (GIOŚ),Monitoring Chemizmu Gleb Ornych Polski,https://www.gov.pl/web/gios/monitoring-jakosci-gleby-i-ziemi,
farmwise_api.adapters.API_readers.gios.gios_scraper,gios.gios_scraper,Soil V [mg*kg-1],soil,Soil V,,Soil V [mg*kg-1],mg*kg-1,"composite soil samples collected at agricultural monitoring points; each composite sample consists of 20 individual samples collected from a 100 m² area at 0-20 cm depth
","not applicable - network of 216 permanent soil monitoring points
",point,"monitoring surveys conducted every five years: 1995, 2000, 2005, 2010, 2015, 2020 and 2025
",yearly,,mean,weighted_mean,1.0,public,Główny Inspektorat Ochrony Środowiska (GIOŚ),Monitoring Chemizmu Gleb Ornych Polski,https://www.gov.pl/web/gios/monitoring-jakosci-gleby-i-ziemi,
farmwise_api.adapters.API_readers.gios.gios_scraper,gios.gios_scraper,Soil Zn [mg*kg-1],soil,Soil Zn,,Soil Zn [mg*kg-1],mg*kg-1,"composite soil samples collected at agricultural monitoring points; each composite sample consists of 20 individual samples collected from a 100 m² area at 0-20 cm depth
","not applicable - network of 216 permanent soil monitoring points
",point,"monitoring surveys conducted every five years: 1995, 2000, 2005, 2010, 2015, 2020 and 2025
",yearly,,mean,weighted_mean,1.0,public,Główny Inspektorat Ochrony Środowiska (GIOŚ),Monitoring Chemizmu Gleb Ornych Polski,https://www.gov.pl/web/gios/monitoring-jakosci-gleby-i-ziemi,
farmwise_api.adapters.API_readers.gios.gios_scraper,gios.gios_scraper,Soil pH H2O [pH],soil,Soil pH H2O,,Soil pH H2O [pH],pH,"composite soil samples collected at agricultural monitoring points; each composite sample consists of 20 individual samples collected from a 100 m² area at 0-20 cm depth
","not applicable - network of 216 permanent soil monitoring points
",point,"monitoring surveys conducted every five years: 1995, 2000, 2005, 2010, 2015, 2020 and 2025
",yearly,,mean,weighted_mean,1.0,public,Główny Inspektorat Ochrony Środowiska (GIOŚ),Monitoring Chemizmu Gleb Ornych Polski,https://www.gov.pl/web/gios/monitoring-jakosci-gleby-i-ziemi,
farmwise_api.adapters.API_readers.gios.gios_scraper,gios.gios_scraper,Soil pH KCl [pH],soil,Soil pH KCl,,Soil pH KCl [pH],pH,"composite soil samples collected at agricultural monitoring points; each composite sample consists of 20 individual samples collected from a 100 m² area at 0-20 cm depth
","not applicable - network of 216 permanent soil monitoring points
",point,"monitoring surveys conducted every five years: 1995, 2000, 2005, 2010, 2015, 2020 and 2025
",yearly,,mean,weighted_mean,1.0,public,Główny Inspektorat Ochrony Środowiska (GIOŚ),Monitoring Chemizmu Gleb Ornych Polski,https://www.gov.pl/web/gios/monitoring-jakosci-gleby-i-ziemi,
farmwise_api.adapters.API_readers.soilgrids.soilgrids_call,soilgrids.soilgrids_call,bdod,soil,Bulk density,cg/cm³,Bulk density [kg/dm3],kg/dm3,"global gridded model predictions; FARMWISE requests a WCS subset, resamples it to dimensions determined by the requested S2 level, and aggregates values to S2 cells",250 m native SoilGrids resolution,grid,static modelled soil-property product rather than a time series; SoilGrids has no single observation year. FARMWISE currently replicates the same static soil values across every day in the requested time interval,none,divide by 100 to convert cg/cm³ to kg/dm³; layer bdod_0-5cm_mean,mean,weighted_mean,1.0,public,ISRIC — World Soil Information,SoilGrids 2.0 predicted soil-property maps,https://doi.org/10.5194/soil-7-217-2021,FARMWISE uses the mean SoilGrids prediction for 0-5 cm depth
farmwise_api.adapters.API_readers.soilgrids.soilgrids_call,soilgrids.soilgrids_call,cec,soil,Cation exchange capacity at pH 7 [cmol(c)/kg],mmol(c)/kg,Cation exchange capacity at pH 7 [cmol(c)/kg],,"global gridded model predictions; FARMWISE requests a WCS subset, resamples it to dimensions determined by the requested S2 level, and aggregates values to S2 cells",250 m native SoilGrids resolution,grid,static modelled soil-property product rather than a time series; SoilGrids has no single observation year. FARMWISE currently replicates the same static soil values across every day in the requested time interval,none,divide by 10 to convert mmol(c)/kg to cmol(c)/kg; layer cec_0-5cm_mean,mean,weighted_mean,1.0,public,ISRIC — World Soil Information,SoilGrids 2.0 predicted soil-property maps,https://doi.org/10.5194/soil-7-217-2021,FARMWISE uses the mean SoilGrids prediction for 0-5 cm depth
farmwise_api.adapters.API_readers.soilgrids.soilgrids_call,soilgrids.soilgrids_call,cfvo,soil,Coarse fragments,cm³/dm³,Coarse fragments [%],%,"global gridded model predictions; FARMWISE requests a WCS subset, resamples it to dimensions determined by the requested S2 level, and aggregates values to S2 cells",250 m native SoilGrids resolution,grid,static modelled soil-property product rather than a time series; SoilGrids has no single observation year. FARMWISE currently replicates the same static soil values across every day in the requested time interval,none,divide by 10 to convert volumetric per-mille units to percent; layer cfvo_0-5cm_mean,mean,weighted_mean,1.0,public,ISRIC — World Soil Information,SoilGrids 2.0 predicted soil-property maps,https://doi.org/10.5194/soil-7-217-2021,FARMWISE uses the mean SoilGrids prediction for 0-5 cm depth
farmwise_api.adapters.API_readers.soilgrids.soilgrids_call,soilgrids.soilgrids_call,clay,soil,Clay content,g/kg,Clay content [%],%,"global gridded model predictions; FARMWISE requests a WCS subset, resamples it to dimensions determined by the requested S2 level, and aggregates values to S2 cells",250 m native SoilGrids resolution,grid,static modelled soil-property product rather than a time series; SoilGrids has no single observation year. FARMWISE currently replicates the same static soil values across every day in the requested time interval,none,divide by 10 to convert g/kg to percent by mass; layer clay_0-5cm_mean,mean,weighted_mean,1.0,public,ISRIC — World Soil Information,SoilGrids 2.0 predicted soil-property maps,https://doi.org/10.5194/soil-7-217-2021,FARMWISE uses the mean SoilGrids prediction for 0-5 cm depth
farmwise_api.adapters.API_readers.soilgrids.soilgrids_call,soilgrids.soilgrids_call,nitrogen,soil,Total nitrogen,cg/kg,Total nitrogen [g/kg],g/kg,"global gridded model predictions; FARMWISE requests a WCS subset, resamples it to dimensions determined by the requested S2 level, and aggregates values to S2 cells",250 m native SoilGrids resolution,grid,static modelled soil-property product rather than a time series; SoilGrids has no single observation year. FARMWISE currently replicates the same static soil values across every day in the requested time interval,none,divide by 100 to convert cg/kg to g/kg; layer nitrogen_0-5cm_mean,mean,weighted_mean,1.0,public,ISRIC — World Soil Information,SoilGrids 2.0 predicted soil-property maps,https://doi.org/10.5194/soil-7-217-2021,FARMWISE uses the mean SoilGrids prediction for 0-5 cm depth
farmwise_api.adapters.API_readers.soilgrids.soilgrids_call,soilgrids.soilgrids_call,ocd,soil,Organic carbon density,hg/m³,Organic carbon density [kg/m3],kg/m3,"global gridded model predictions; FARMWISE requests a WCS subset, resamples it to dimensions determined by the requested S2 level, and aggregates values to S2 cells",250 m native SoilGrids resolution,grid,static modelled soil-property product rather than a time series; SoilGrids has no single observation year. FARMWISE currently replicates the same static soil values across every day in the requested time interval,none,divide by 10 to convert hg/m³ to kg/m³; layer ocd_0-5cm_mean,mean,weighted_mean,1.0,public,ISRIC — World Soil Information,SoilGrids 2.0 predicted soil-property maps,https://doi.org/10.5194/soil-7-217-2021,FARMWISE uses the mean SoilGrids prediction for 0-5 cm depth
farmwise_api.adapters.API_readers.soilgrids.soilgrids_call,soilgrids.soilgrids_call,ocs,soil,Soil organic carbon stock,t/ha,Soil organic carbon stock [kg/m2],kg/m2,"global gridded model predictions; FARMWISE requests a WCS subset, resamples it to dimensions determined by the requested S2 level, and aggregates values to S2 cells",250 m native SoilGrids resolution,grid,static modelled soil-property product rather than a time series; SoilGrids has no single observation year. FARMWISE currently replicates the same static soil values across every day in the requested time interval,none,divide by 10 to convert t/ha to kg/m²; layer ocs_0-30cm_mean,mean,weighted_mean,1.0,public,ISRIC — World Soil Information,SoilGrids 2.0 predicted soil-property maps,https://doi.org/10.5194/soil-7-217-2021,FARMWISE uses the mean SoilGrids prediction for the integrated 0-30 cm layer
farmwise_api.adapters.API_readers.soilgrids.soilgrids_call,soilgrids.soilgrids_call,phh2o,soil,Soil pH in H2O,pH x 10,Soil pH in H2O [pH],pH,"global gridded model predictions; FARMWISE requests a WCS subset, resamples it to dimensions determined by the requested S2 level, and aggregates values to S2 cells",250 m native SoilGrids resolution,grid,static modelled soil-property product rather than a time series; SoilGrids has no single observation year. FARMWISE currently replicates the same static soil values across every day in the requested time interval,none,divide by 10 to obtain pH; layer phh2o_0-5cm_mean,mean,weighted_mean,1.0,public,ISRIC — World Soil Information,SoilGrids 2.0 predicted soil-property maps,https://doi.org/10.5194/soil-7-217-2021,FARMWISE uses the mean SoilGrids prediction for 0-5 cm depth
farmwise_api.adapters.API_readers.soilgrids.soilgrids_call,soilgrids.soilgrids_call,sand,soil,Sand content,g/kg,Sand content [%],%,"global gridded model predictions; FARMWISE requests a WCS subset, resamples it to dimensions determined by the requested S2 level, and aggregates values to S2 cells",250 m native SoilGrids resolution,grid,static modelled soil-property product rather than a time series; SoilGrids has no single observation year. FARMWISE currently replicates the same static soil values across every day in the requested time interval,none,divide by 10 to convert g/kg to percent by mass; layer sand_0-5cm_mean,mean,weighted_mean,1.0,public,ISRIC — World Soil Information,SoilGrids 2.0 predicted soil-property maps,https://doi.org/10.5194/soil-7-217-2021,FARMWISE uses the mean SoilGrids prediction for 0-5 cm depth
farmwise_api.adapters.API_readers.soilgrids.soilgrids_call,soilgrids.soilgrids_call,silt,soil,Silt content,g/kg,Silt content [%],%,"global gridded model predictions; FARMWISE requests a WCS subset, resamples it to dimensions determined by the requested S2 level, and aggregates values to S2 cells",250 m native SoilGrids resolution,grid,static modelled soil-property product rather than a time series; SoilGrids has no single observation year. FARMWISE currently replicates the same static soil values across every day in the requested time interval,none,divide by 10 to convert g/kg to percent by mass; layer silt_0-5cm_mean,mean,weighted_mean,1.0,public,ISRIC — World Soil Information,SoilGrids 2.0 predicted soil-property maps,https://doi.org/10.5194/soil-7-217-2021,FARMWISE uses the mean SoilGrids prediction for 0-5 cm depth
farmwise_api.adapters.API_readers.soilgrids.soilgrids_call,soilgrids.soilgrids_call,soc,soil,Soil organic carbon,dg/kg,Soil organic carbon [g/kg],g/kg,"global gridded model predictions; FARMWISE requests a WCS subset, resamples it to dimensions determined by the requested S2 level, and aggregates values to S2 cells",250 m native SoilGrids resolution,grid,static modelled soil-property product rather than a time series; SoilGrids has no single observation year. FARMWISE currently replicates the same static soil values across every day in the requested time interval,none,divide by 10 to convert dg/kg to g/kg; layer soc_0-5cm_mean,mean,weighted_mean,1.0,public,ISRIC — World Soil Information,SoilGrids 2.0 predicted soil-property maps,https://doi.org/10.5194/soil-7-217-2021,FARMWISE uses the mean SoilGrids prediction for 0-5 cm depth
farmwise_api.adapters.API_readers.cds.cds_single_levels,cds.cds_single_levels,volumetric_soil_water_layer_1,soil humidity,volumetric soil water content in ERA5 soil layer 1 (0-7 cm),m³ m⁻³,,,global regular latitude-longitude grid; FARMWISE adapter requests a bounding-box subset and aggregates grid cells to requested S2 cells,0.25° x 0.25°,grid,hourly ERA5 data available from 1940 to present; FARMWISE dispatch currently uses data from 1950-01-01 to approximately 5 days before the current date and aggregates hourly observations to daily values,daily,volumetric fraction to percent by multiplying by 100; hourly instantaneous values are aggregated to daily mean,mean,weighted_mean,1.0,public,"Copernicus Climate Change Service (C3S), implemented by ECMWF",reanalysis-era5-single-levels,https://cds.climate.copernicus.eu/datasets/reanalysis-era5-single-levels,FARMWISE output is Soil moisture [%]
farmwise_api.adapters.API_readers.IFSGRID.IFSGRID_read,IFSGRID.IFSGRID_read,IrrShare,surface water quality,The share of irrigated land in the total area of agricultural land,,The share of irrigated land in the total area of agricultural land,,,,point,,none,,mean,weighted_mean,1.0,disabled,Eurostat and contributing national statistical authorities,,https://doi.org/10.5281/zenodo.14852709,
farmwise_api.adapters.API_readers.IFSGRID.IFSGRID_read,IFSGRID.IFSGRID_read,UAA_IB,surface water quality,Area of irrigable farmland,,Area of irrigable farmland,,,,point,,none,,mean,weighted_mean,1.0,disabled,Eurostat and contributing national statistical authorities,,https://doi.org/10.5281/zenodo.14852709,
farmwise_api.adapters.API_readers.UA_sw_quality.ukrainian_surface_water,UA_sw_quality.ukrainian_surface_water,BOD5,surface water quality,,,,,,,point,,monthly,,mean,weighted_mean,1.0,public,State Agency of Water Resources of Ukraine,state monitoring observations for Ukrainian surface waters,https://data.gov.ua/dataset/surface-water-monitoring,
farmwise_api.adapters.API_readers.UA_sw_quality.ukrainian_surface_water,UA_sw_quality.ukrainian_surface_water,COD,surface water quality,,,,,,,point,,monthly,,mean,weighted_mean,1.0,public,State Agency of Water Resources of Ukraine,state monitoring observations for Ukrainian surface waters,https://data.gov.ua/dataset/surface-water-monitoring,
farmwise_api.adapters.API_readers.UA_sw_quality.ukrainian_surface_water,UA_sw_quality.ukrainian_surface_water,SPAR,surface water quality,,,,,,,point,,monthly,,mean,weighted_mean,1.0,public,State Agency of Water Resources of Ukraine,state monitoring observations for Ukrainian surface waters,https://data.gov.ua/dataset/surface-water-monitoring,
farmwise_api.adapters.API_readers.UA_sw_quality.ukrainian_surface_water,UA_sw_quality.ukrainian_surface_water,altrazine,surface water quality,,,,,,,point,,monthly,,mean,weighted_mean,1.0,public,State Agency of Water Resources of Ukraine,state monitoring observations for Ukrainian surface waters,https://data.gov.ua/dataset/surface-water-monitoring,
farmwise_api.adapters.API_readers.UA_sw_quality.ukrainian_surface_water,UA_sw_quality.ukrainian_surface_water,ammonium,surface water quality,,,,,,,point,,monthly,,mean,weighted_mean,1.0,public,State Agency of Water Resources of Ukraine,state monitoring observations for Ukrainian surface waters,https://data.gov.ua/dataset/surface-water-monitoring,
farmwise_api.adapters.API_readers.UA_sw_quality.ukrainian_surface_water,UA_sw_quality.ukrainian_surface_water,chloride,surface water quality,,,,,,,point,,monthly,,mean,weighted_mean,1.0,public,State Agency of Water Resources of Ukraine,state monitoring observations for Ukrainian surface waters,https://data.gov.ua/dataset/surface-water-monitoring,
farmwise_api.adapters.API_readers.UA_sw_quality.ukrainian_surface_water,UA_sw_quality.ukrainian_surface_water,nitrate,surface water quality,,,,,,,point,,monthly,,mean,weighted_mean,1.0,public,State Agency of Water Resources of Ukraine,state monitoring observations for Ukrainian surface waters,https://data.gov.ua/dataset/surface-water-monitoring,
farmwise_api.adapters.API_readers.UA_sw_quality.ukrainian_surface_water,UA_sw_quality.ukrainian_surface_water,nitrite,surface water quality,,,,,,,point,,monthly,,mean,weighted_mean,1.0,public,State Agency of Water Resources of Ukraine,state monitoring observations for Ukrainian surface waters,https://data.gov.ua/dataset/surface-water-monitoring,
farmwise_api.adapters.API_readers.UA_sw_quality.ukrainian_surface_water,UA_sw_quality.ukrainian_surface_water,nitrogen,surface water quality,,,,,,,point,,monthly,,mean,weighted_mean,1.0,public,State Agency of Water Resources of Ukraine,state monitoring observations for Ukrainian surface waters,https://data.gov.ua/dataset/surface-water-monitoring,
farmwise_api.adapters.API_readers.UA_sw_quality.ukrainian_surface_water,UA_sw_quality.ukrainian_surface_water,oxygen,surface water quality,,,,,,,point,,monthly,,mean,weighted_mean,1.0,public,State Agency of Water Resources of Ukraine,state monitoring observations for Ukrainian surface waters,https://data.gov.ua/dataset/surface-water-monitoring,
farmwise_api.adapters.API_readers.UA_sw_quality.ukrainian_surface_water,UA_sw_quality.ukrainian_surface_water,permanganate,surface water quality,,,,,,,point,,monthly,,mean,weighted_mean,1.0,public,State Agency of Water Resources of Ukraine,state monitoring observations for Ukrainian surface waters,https://data.gov.ua/dataset/surface-water-monitoring,
farmwise_api.adapters.API_readers.UA_sw_quality.ukrainian_surface_water,UA_sw_quality.ukrainian_surface_water,phosphate,surface water quality,,,,,,,point,,monthly,,mean,weighted_mean,1.0,public,State Agency of Water Resources of Ukraine,state monitoring observations for Ukrainian surface waters,https://data.gov.ua/dataset/surface-water-monitoring,
farmwise_api.adapters.API_readers.UA_sw_quality.ukrainian_surface_water,UA_sw_quality.ukrainian_surface_water,phytoplankton,surface water quality,,,,,,,point,,monthly,,mean,weighted_mean,1.0,public,State Agency of Water Resources of Ukraine,state monitoring observations for Ukrainian surface waters,https://data.gov.ua/dataset/surface-water-monitoring,
farmwise_api.adapters.API_readers.UA_sw_quality.ukrainian_surface_water,UA_sw_quality.ukrainian_surface_water,simazine,surface water quality,,,,,,,point,,monthly,,mean,weighted_mean,1.0,public,State Agency of Water Resources of Ukraine,state monitoring observations for Ukrainian surface waters,https://data.gov.ua/dataset/surface-water-monitoring,
farmwise_api.adapters.API_readers.UA_sw_quality.ukrainian_surface_water,UA_sw_quality.ukrainian_surface_water,sulfate,surface water quality,,,,,,,point,,monthly,,mean,weighted_mean,1.0,public,State Agency of Water Resources of Ukraine,state monitoring observations for Ukrainian surface waters,https://data.gov.ua/dataset/surface-water-monitoring,
farmwise_api.adapters.API_readers.UA_sw_quality.ukrainian_surface_water,UA_sw_quality.ukrainian_surface_water,suspended_solids,surface water quality,,,,,,,point,,monthly,,mean,weighted_mean,1.0,public,State Agency of Water Resources of Ukraine,state monitoring observations for Ukrainian surface waters,https://data.gov.ua/dataset/surface-water-monitoring,
farmwise_api.adapters.API_readers.hubeau.hubeau_sw_quality_read,hubeau.hubeau_sw_quality_read,Acide pentacosafluorotridecanoique,surface water quality,SW Pentacosafluorotridecanoic acid,,SW Pentacosafluorotridecanoic acid (µg/L),µg/L,,,point,,none,,mean,weighted_mean,1.0,public,"Office français de la biodiversité (OFB), BRGM, Service Central Vigicrues, and the producers identified by individual records",,https://hubeau.eaufrance.fr/,
farmwise_api.adapters.API_readers.hubeau.hubeau_sw_quality_read,hubeau.hubeau_sw_quality_read,Acide perfluoro-dodecanoïque,surface water quality,SW Perfluorododecanoic acid,,SW Perfluorododecanoic acid (µg/L),µg/L,,,point,,none,,mean,weighted_mean,1.0,public,"Office français de la biodiversité (OFB), BRGM, Service Central Vigicrues, and the producers identified by individual records",,https://hubeau.eaufrance.fr/,
farmwise_api.adapters.API_readers.hubeau.hubeau_sw_quality_read,hubeau.hubeau_sw_quality_read,Acide perfluoro-n-butanoïque,surface water quality,SW Perfluorobutanoic acid,,SW Perfluorobutanoic acid (µg/L),µg/L,,,point,,none,,mean,weighted_mean,1.0,public,"Office français de la biodiversité (OFB), BRGM, Service Central Vigicrues, and the producers identified by individual records",,https://hubeau.eaufrance.fr/,
farmwise_api.adapters.API_readers.hubeau.hubeau_sw_quality_read,hubeau.hubeau_sw_quality_read,Acide perfluoro-n-heptanoïque,surface water quality,SW Perfluoroheptanoic acid,,SW Perfluoroheptanoic acid (µg/L),µg/L,,,point,,none,,mean,weighted_mean,1.0,public,"Office français de la biodiversité (OFB), BRGM, Service Central Vigicrues, and the producers identified by individual records",,https://hubeau.eaufrance.fr/,
farmwise_api.adapters.API_readers.hubeau.hubeau_sw_quality_read,hubeau.hubeau_sw_quality_read,Acide perfluoro-n-nonanoïque,surface water quality,SW Perfluorononanoic acid,,SW Perfluorononanoic acid (µg/L),µg/L,,,point,,none,,mean,weighted_mean,1.0,public,"Office français de la biodiversité (OFB), BRGM, Service Central Vigicrues, and the producers identified by individual records",,https://hubeau.eaufrance.fr/,
farmwise_api.adapters.API_readers.hubeau.hubeau_sw_quality_read,hubeau.hubeau_sw_quality_read,Acide perfluoro-n-pentanoïque,surface water quality,SW Perfluoropentanoic acid,,SW Perfluoropentanoic acid (µg/L),µg/L,,,point,,none,,mean,weighted_mean,1.0,public,"Office français de la biodiversité (OFB), BRGM, Service Central Vigicrues, and the producers identified by individual records",,https://hubeau.eaufrance.fr/,
farmwise_api.adapters.API_readers.hubeau.hubeau_sw_quality_read,hubeau.hubeau_sw_quality_read,Acide perfluoro-n-undecanoïque,surface water quality,SW Perfluoroundecanoic acid,,SW Perfluoroundecanoic acid (µg/L),µg/L,,,point,,none,,mean,weighted_mean,1.0,public,"Office français de la biodiversité (OFB), BRGM, Service Central Vigicrues, and the producers identified by individual records",,https://hubeau.eaufrance.fr/,
farmwise_api.adapters.API_readers.hubeau.hubeau_sw_quality_read,hubeau.hubeau_sw_quality_read,Acide perfluoro-octanoïque,surface water quality,SW Perfluorooctanoic acid,,SW Perfluorooctanoic acid (µg/L),µg/L,,,point,,none,,mean,weighted_mean,1.0,public,"Office français de la biodiversité (OFB), BRGM, Service Central Vigicrues, and the producers identified by individual records",,https://hubeau.eaufrance.fr/,
farmwise_api.adapters.API_readers.hubeau.hubeau_sw_quality_read,hubeau.hubeau_sw_quality_read,Acide perfluorodecane sulfonique,surface water quality,SW Perfluorodecane sulfonic acid,,SW Perfluorodecane sulfonic acid (µg/L),µg/L,,,point,,none,,mean,weighted_mean,1.0,public,"Office français de la biodiversité (OFB), BRGM, Service Central Vigicrues, and the producers identified by individual records",,https://hubeau.eaufrance.fr/,
farmwise_api.adapters.API_readers.hubeau.hubeau_sw_quality_read,hubeau.hubeau_sw_quality_read,Acide perfluorododecane sulfonique,surface water quality,SW Perfluorododecane sulfonic acid,,SW Perfluorododecane sulfonic acid (µg/L),µg/L,,,point,,none,,mean,weighted_mean,1.0,public,"Office français de la biodiversité (OFB), BRGM, Service Central Vigicrues, and the producers identified by individual records",,https://hubeau.eaufrance.fr/,
farmwise_api.adapters.API_readers.hubeau.hubeau_sw_quality_read,hubeau.hubeau_sw_quality_read,Acide perfluoroheptane sulfonique,surface water quality,SW Perfluoroheptane sulfonic acid,,SW Perfluoroheptane sulfonic acid (µg/L),µg/L,,,point,,none,,mean,weighted_mean,1.0,public,"Office français de la biodiversité (OFB), BRGM, Service Central Vigicrues, and the producers identified by individual records",,https://hubeau.eaufrance.fr/,
farmwise_api.adapters.API_readers.hubeau.hubeau_sw_quality_read,hubeau.hubeau_sw_quality_read,Acide perfluorononane sulfonique,surface water quality,SW Perfluorononane sulfonic acid,,SW Perfluorononane sulfonic acid (µg/L),µg/L,,,point,,none,,mean,weighted_mean,1.0,public,"Office français de la biodiversité (OFB), BRGM, Service Central Vigicrues, and the producers identified by individual records",,https://hubeau.eaufrance.fr/,
farmwise_api.adapters.API_readers.hubeau.hubeau_sw_quality_read,hubeau.hubeau_sw_quality_read,Acide perfluoropentane sulfonique,surface water quality,SW Perfluoropentane sulfonic acid,,SW Perfluoropentane sulfonic acid (µg/L),µg/L,,,point,,none,,mean,weighted_mean,1.0,public,"Office français de la biodiversité (OFB), BRGM, Service Central Vigicrues, and the producers identified by individual records",,https://hubeau.eaufrance.fr/,
farmwise_api.adapters.API_readers.hubeau.hubeau_sw_quality_read,hubeau.hubeau_sw_quality_read,Acide perfluorotridecane sulfonique,surface water quality,SW Perfluorotridecane sulfonic acid,,SW Perfluorotridecane sulfonic acid (µg/L),µg/L,,,point,,none,,mean,weighted_mean,1.0,public,"Office français de la biodiversité (OFB), BRGM, Service Central Vigicrues, and the producers identified by individual records",,https://hubeau.eaufrance.fr/,
farmwise_api.adapters.API_readers.hubeau.hubeau_sw_quality_read,hubeau.hubeau_sw_quality_read,Acide perfluoroundecane sulfonique,surface water quality,SW Perfluoroundecane sulfonic acid,,SW Perfluoroundecane sulfonic acid (µg/L),µg/L,,,point,,none,,mean,weighted_mean,1.0,public,"Office français de la biodiversité (OFB), BRGM, Service Central Vigicrues, and the producers identified by individual records",,https://hubeau.eaufrance.fr/,
farmwise_api.adapters.API_readers.hubeau.hubeau_sw_quality_read,hubeau.hubeau_sw_quality_read,Acide sulfonique de perfluorobutane,surface water quality,SW Perfluorobutane sulfonic acid,,SW Perfluorobutane sulfonic acid (µg/L),µg/L,,,point,,none,,mean,weighted_mean,1.0,public,"Office français de la biodiversité (OFB), BRGM, Service Central Vigicrues, and the producers identified by individual records",,https://hubeau.eaufrance.fr/,
farmwise_api.adapters.API_readers.hubeau.hubeau_sw_quality_read,hubeau.hubeau_sw_quality_read,Acide sulfonique de perfluorooctane,surface water quality,SW Perfluorooctane sulfonic acid,,SW Perfluorooctane sulfonic acid (mµg/L),mµg/L,,,point,,none,,mean,weighted_mean,1.0,public,"Office français de la biodiversité (OFB), BRGM, Service Central Vigicrues, and the producers identified by individual records",,https://hubeau.eaufrance.fr/,
farmwise_api.adapters.API_readers.hubeau.hubeau_sw_quality_read,hubeau.hubeau_sw_quality_read,Arsenic,surface water quality,SW Arsenic,,SW Arsenic (µg/L),µg/L,,,point,,none,,mean,weighted_mean,1.0,public,"Office français de la biodiversité (OFB), BRGM, Service Central Vigicrues, and the producers identified by individual records",,https://hubeau.eaufrance.fr/,
farmwise_api.adapters.API_readers.hubeau.hubeau_sw_quality_read,hubeau.hubeau_sw_quality_read,Cadmium,surface water quality,SW Cadmium,,SW Cadmium (µg/L),µg/L,,,point,,none,,mean,weighted_mean,1.0,public,"Office français de la biodiversité (OFB), BRGM, Service Central Vigicrues, and the producers identified by individual records",,https://hubeau.eaufrance.fr/,
farmwise_api.adapters.API_readers.hubeau.hubeau_sw_quality_read,hubeau.hubeau_sw_quality_read,Calcium,surface water quality,SW Calcium,,SW Calcium (mg/L),mg/L,,,point,,none,,mean,weighted_mean,1.0,public,"Office français de la biodiversité (OFB), BRGM, Service Central Vigicrues, and the producers identified by individual records",,https://hubeau.eaufrance.fr/,
farmwise_api.adapters.API_readers.hubeau.hubeau_sw_quality_read,hubeau.hubeau_sw_quality_read,Chlorures,surface water quality,SW Chlorides,,SW Chlorides (mg/L),mg/L,,,point,,none,,mean,weighted_mean,1.0,public,"Office français de la biodiversité (OFB), BRGM, Service Central Vigicrues, and the producers identified by individual records",,https://hubeau.eaufrance.fr/,
farmwise_api.adapters.API_readers.hubeau.hubeau_sw_quality_read,hubeau.hubeau_sw_quality_read,Conductivité à 25°C,surface water quality,SW Conductivity at 25°C,,SW Conductivity at 25°C (µS/cm),µS/cm,,,point,,none,,mean,weighted_mean,1.0,public,"Office français de la biodiversité (OFB), BRGM, Service Central Vigicrues, and the producers identified by individual records",,https://hubeau.eaufrance.fr/,
farmwise_api.adapters.API_readers.hubeau.hubeau_sw_quality_read,hubeau.hubeau_sw_quality_read,Magnésium,surface water quality,SW Magnesium,,SW Magnesium (mg/L),mg/L,,,point,,none,,mean,weighted_mean,1.0,public,"Office français de la biodiversité (OFB), BRGM, Service Central Vigicrues, and the producers identified by individual records",,https://hubeau.eaufrance.fr/,
farmwise_api.adapters.API_readers.hubeau.hubeau_sw_quality_read,hubeau.hubeau_sw_quality_read,Nitrates,surface water quality,SW Nitrates,,SW Nitrates (mg/L),mg/L,,,point,,none,,mean,weighted_mean,1.0,public,"Office français de la biodiversité (OFB), BRGM, Service Central Vigicrues, and the producers identified by individual records",,https://hubeau.eaufrance.fr/,
farmwise_api.adapters.API_readers.hubeau.hubeau_sw_quality_read,hubeau.hubeau_sw_quality_read,Perfluorohexanesulfonic acid,surface water quality,SW Perfluorohexanesulfonic acid,,SW Perfluorohexanesulfonic acid (µg/L),µg/L,,,point,,none,,mean,weighted_mean,1.0,public,"Office français de la biodiversité (OFB), BRGM, Service Central Vigicrues, and the producers identified by individual records",,https://hubeau.eaufrance.fr/,
farmwise_api.adapters.API_readers.hubeau.hubeau_sw_quality_read,hubeau.hubeau_sw_quality_read,Phosphore total,surface water quality,SW Total Phosphorus,,SW Total Phosphorus (mg/L),mg/L,,,point,,none,,mean,weighted_mean,1.0,public,"Office français de la biodiversité (OFB), BRGM, Service Central Vigicrues, and the producers identified by individual records",,https://hubeau.eaufrance.fr/,
farmwise_api.adapters.API_readers.hubeau.hubeau_sw_quality_read,hubeau.hubeau_sw_quality_read,Plomb,surface water quality,SW Lead,,SW Lead (µg/L),µg/L,,,point,,none,,mean,weighted_mean,1.0,public,"Office français de la biodiversité (OFB), BRGM, Service Central Vigicrues, and the producers identified by individual records",,https://hubeau.eaufrance.fr/,
farmwise_api.adapters.API_readers.hubeau.hubeau_sw_quality_read,hubeau.hubeau_sw_quality_read,Potassium,surface water quality,SW Potassium,,SW Potassium (mg/L),mg/L,,,point,,none,,mean,weighted_mean,1.0,public,"Office français de la biodiversité (OFB), BRGM, Service Central Vigicrues, and the producers identified by individual records",,https://hubeau.eaufrance.fr/,
farmwise_api.adapters.API_readers.hubeau.hubeau_sw_quality_read,hubeau.hubeau_sw_quality_read,Potentiel en Hydrogène (pH),surface water quality,SW Hydrogen Potential,,SW Hydrogen Potential (pH),pH,,,point,,none,,mean,weighted_mean,1.0,public,"Office français de la biodiversité (OFB), BRGM, Service Central Vigicrues, and the producers identified by individual records",,https://hubeau.eaufrance.fr/,
farmwise_api.adapters.API_readers.hubeau.hubeau_sw_quality_read,hubeau.hubeau_sw_quality_read,Sodium,surface water quality,SW Sodium,,SW Sodium (mg/L),mg/L,,,point,,none,,mean,weighted_mean,1.0,public,"Office français de la biodiversité (OFB), BRGM, Service Central Vigicrues, and the producers identified by individual records",,https://hubeau.eaufrance.fr/,
farmwise_api.adapters.API_readers.hubeau.hubeau_sw_quality_read,hubeau.hubeau_sw_quality_read,Somme des pesticides totaux,surface water quality,SW Total Pesticides,,SW Total Pesticides (µg/L),µg/L,,,point,,none,,mean,weighted_mean,1.0,public,"Office français de la biodiversité (OFB), BRGM, Service Central Vigicrues, and the producers identified by individual records",,https://hubeau.eaufrance.fr/,
farmwise_api.adapters.API_readers.hubeau.hubeau_sw_quality_read,hubeau.hubeau_sw_quality_read,Sulfonate de perfluorooctane,surface water quality,SW Perfluorooctane sulfonate,,SW Perfluorooctane sulfonate (µg/L),µg/L,,,point,,none,,mean,weighted_mean,1.0,public,"Office français de la biodiversité (OFB), BRGM, Service Central Vigicrues, and the producers identified by individual records",,https://hubeau.eaufrance.fr/,
farmwise_api.adapters.API_readers.hubeau.hubeau_sw_quality_read,hubeau.hubeau_sw_quality_read,Zinc,surface water quality,SW Zinc,,SW Zinc (µg/L),µg/L,,,point,,none,,mean,weighted_mean,1.0,public,"Office français de la biodiversité (OFB), BRGM, Service Central Vigicrues, and the producers identified by individual records",,https://hubeau.eaufrance.fr/,
farmwise_api.adapters.API_readers.imgw_hydro.imgw_api_hydro_daily,imgw_hydro.imgw_api_hydro_daily,Flow [m³/s],surface water quantity,Flow,m³/s,Flow [m³/s],m³/s,point observations at IMGW-PIB hydrological gauging stations in Poland,not applicable - irregular hydrological station network,point,daily hydrological observations available from 1951 onward; publication of completed annual archives occurs with a delay and the latest currently published daily archive is 2025,daily,none - values are passed through without unit conversion,mean,weighted_mean,1.0,local-only,Instytut Meteorologii i Gospodarki Wodnej — Państwowy Instytut Badawczy (IMGW-PIB),IMGW-PIB daily hydrological observations,https://danepubliczne.imgw.pl/data/dane_pomiarowo_obserwacyjne/dane_hydrologiczne/dobowe/,"daily river discharge; depending on station instrumentation, daily discharge may represent a chronological mean of instantaneous values or a value corresponding to the 06:00 UTC water-level observation"
farmwise_api.adapters.API_readers.imgw_hydro.imgw_api_hydro_daily,imgw_hydro.imgw_api_hydro_daily,Water level [cm],surface water quantity,Water level,cm,Water level [cm],cm,point observations at IMGW-PIB hydrological gauging stations in Poland,not applicable - irregular hydrological station network,point,daily hydrological observations available from 1951 onward; publication of completed annual archives occurs with a delay and the latest currently published daily archive is 2025,daily,none - values are passed through without unit conversion,mean,weighted_mean,1.0,local-only,Instytut Meteorologii i Gospodarki Wodnej — Państwowy Instytut Badawczy (IMGW-PIB),IMGW-PIB daily hydrological observations,https://danepubliczne.imgw.pl/data/dane_pomiarowo_obserwacyjne/dane_hydrologiczne/dobowe/,daily water level at an IMGW-PIB hydrological gauging station
farmwise_api.adapters.API_readers.cds.cds_single_levels,cds.cds_single_levels,2m_temperature,temperature,air temperature at 2 m above the surface,K,,,global regular latitude-longitude grid; FARMWISE adapter requests a bounding-box subset and aggregates grid cells to requested S2 cells,0.25° x 0.25°,grid,hourly ERA5 data available from 1940 to present; FARMWISE dispatch currently uses data from 1950-01-01 to approximately 5 days before the current date and aggregates hourly observations to daily values,daily,K to °C by subtracting 273.15; hourly instantaneous values are aggregated to daily mean,mean,weighted_mean,1.0,public,"Copernicus Climate Change Service (C3S), implemented by ECMWF",reanalysis-era5-single-levels,https://cds.climate.copernicus.eu/datasets/reanalysis-era5-single-levels,FARMWISE output is Temperature [°C]
farmwise_api.adapters.API_readers.geosphere.geosphere,geosphere.geosphere,tl_mittel,temperature,Temperature,°C,Temperature [°C],°C,point observations at GeoSphere Austria weather-station locations,not applicable - irregular weather-station network,point,"daily observations; dataset contains station-dependent historical records from 1775 onward, while FARMWISE dispatch is restricted to 1950-01-01 through the current day",daily,none - values are passed through without unit conversion,mean,weighted_mean,1.0,public,GeoSphere Austria,"Station Data-v2 (1 d), resource klima-v2-1d",https://doi.org/10.60669/gs6w-jd70,mean air temperature at 2 m above the surface
farmwise_api.adapters.API_readers.imgw.imgw_api_synop_daily,imgw.imgw_api_synop_daily,Average daily temperature [°C],temperature,Temperature,°C,Temperature [°C],°C,point observations at IMGW-PIB synoptic meteorological stations in Poland,not applicable - irregular meteorological station network,point,daily observations available in the current IMGW daily synoptic archive from 1966 onward; availability of recent observations depends on the publication schedule and station,daily,none - values are passed through without unit conversion,mean,weighted_mean,1.0,local-only,Instytut Meteorologii i Gospodarki Wodnej — Państwowy Instytut Badawczy (IMGW-PIB),IMGW-PIB daily synoptic meteorological observations (dane meteorologiczne dobowe - synop),https://danepubliczne.imgw.pl/data/dane_pomiarowo_obserwacyjne/dane_meteorologiczne/dobowe/synop/,daily mean air temperature reported by IMGW-PIB; the adapter currently does not use the associated IMGW measurement-status field
farmwise_api.adapters.API_readers.wetterdienst.wetterdienst_dwd,wetterdienst.wetterdienst_dwd,temperature_air_mean_2m,temperature,Temperature,°C,Temperature [°C],°C,point observations at DWD and partner weather-station locations in Germany,not applicable - irregular weather-station network,point,"daily observations; source records extend back to 1781 depending on station, while FARMWISE dispatch is restricted to 1950-01-01 through the current day; historical records have completed quality control whereas recent records may not yet have completed quality control",daily,none - values are passed through without unit conversion,mean,weighted_mean,1.0,public,Deutscher Wetterdienst (DWD),"Daily station observations (temperature, pressure, precipitation, sunshine duration, etc.) for Germany",https://opendata.dwd.de/climate_environment/CDC/observations_germany/climate/daily/kl/DESCRIPTION_obsgermany-climate-daily-kl_en.pdf,"daily mean air temperature at 2 m above ground; Wetterdienst parameter temperature_air_mean_2m, original DWD parameter TMK"
farmwise_api.adapters.API_readers.egdi.egdi_read_d10,egdi.egdi_read_d10,(unspecified),unspecified,,,,,,,-,,-,,mean,weighted_mean,,disabled,"Federal Institute for Geosciences and Natural Resources (BGR), distributed through EGDI",,,
farmwise_api.adapters.API_readers.egdi.egdi_read_hc,egdi.egdi_read_hc,(unspecified),unspecified,,,,,,,-,,-,,mean,weighted_mean,,disabled,"Federal Institute for Geosciences and Natural Resources (BGR), distributed through EGDI",,,
